GEO.id,GEO.id2,GEO.display-label,HD01_VD01,HD02_VD01,HD01_VD02,HD02_VD02,HD01_VD03,HD02_VD03,HD01_VD04,HD02_VD04,HD01_VD05,HD02_VD05,HD01_VD06,HD02_VD06,HD01_VD07,HD02_VD07
Id,Id2,Geography,Estimate; Total:,Margin of Error; Total:,Estimate; In labor force:,Margin of Error; In labor force:,Estimate; In labor force: - Civilian labor force:,Margin of Error; In labor force: - Civilian labor force:,Estimate; In labor force: - Civilian labor force: - Employed,Margin of Error; In labor force: - Civilian labor force: - Employed,Estimate; In labor force: - Civilian labor force: - Unemployed,Margin of Error; In labor force: - Civilian labor force: - Unemployed,Estimate; In labor force: - Armed Forces,Margin of Error; In labor force: - Armed Forces,Estimate; Not in labor force,Margin of Error; Not in labor force
1400000US47157000100,47157000100,"Census Tract 1, Shelby County, Tennessee",5461,397,3732,366,3722,365,3389,354,333,177,10,18,1729,387
1400000US47157000200,47157000200,"Census Tract 2, Shelby County, Tennessee",703,116,440,107,440,107,329,72,111,64,0,12,263,94
1400000US47157000300,47157000300,"Census Tract 3, Shelby County, Tennessee",810,114,425,101,425,101,334,111,91,57,0,12,385,130
1400000US47157000400,47157000400,"Census Tract 4, Shelby County, Tennessee",1300,182,736,135,736,135,556,113,180,97,0,12,564,133
1400000US47157000600,47157000600,"Census Tract 6, Shelby County, Tennessee",1608,242,608,132,608,132,417,108,191,73,0,12,1000,185
1400000US47157000700,47157000700,"Census Tract 7, Shelby County, Tennessee",3757,434,2182,409,2182,409,1761,354,421,210,0,12,1575,401
1400000US47157000800,47157000800,"Census Tract 8, Shelby County, Tennessee",1642,239,679,141,679,141,542,125,137,76,0,12,963,204
1400000US47157000900,47157000900,"Census Tract 9, Shelby County, Tennessee",2420,317,1029,205,1029,205,784,168,245,109,0,12,1391,220
1400000US47157001100,47157001100,"Census Tract 11, Shelby County, Tennessee",2646,397,1822,326,1822,326,1597,344,225,121,0,12,824,205
1400000US47157001200,47157001200,"Census Tract 12, Shelby County, Tennessee",2692,255,1700,261,1690,257,1564,248,126,61,10,16,992,223
1400000US47157001300,47157001300,"Census Tract 13, Shelby County, Tennessee",2675,272,1275,229,1275,229,1079,222,196,113,0,12,1400,241
1400000US47157001400,47157001400,"Census Tract 14, Shelby County, Tennessee",1180,225,625,160,625,160,538,141,87,65,0,12,555,108
1400000US47157001500,47157001500,"Census Tract 15, Shelby County, Tennessee",1168,152,627,134,627,134,478,135,149,75,0,12,541,106
1400000US47157001600,47157001600,"Census Tract 16, Shelby County, Tennessee",3012,216,1803,213,1803,213,1569,146,234,148,0,12,1209,217
1400000US47157001700,47157001700,"Census Tract 17, Shelby County, Tennessee",3299,319,2180,250,2180,250,1860,224,320,131,0,12,1119,225
1400000US47157001900,47157001900,"Census Tract 19, Shelby County, Tennessee",1198,243,521,155,521,155,359,139,162,101,0,12,677,157
1400000US47157002000,47157002000,"Census Tract 20, Shelby County, Tennessee",1334,147,758,137,758,137,620,122,138,78,0,12,576,113
1400000US47157002100,47157002100,"Census Tract 21, Shelby County, Tennessee",1039,177,596,144,596,144,542,148,54,33,0,12,443,155
1400000US47157002400,47157002400,"Census Tract 24, Shelby County, Tennessee",1679,250,1047,218,1047,218,753,183,294,136,0,12,632,166
1400000US47157002500,47157002500,"Census Tract 25, Shelby County, Tennessee",2751,526,1574,267,1574,267,1465,262,109,78,0,12,1177,409
1400000US47157002600,47157002600,"Census Tract 26, Shelby County, Tennessee",2150,183,1583,169,1583,169,1459,154,124,71,0,12,567,149
1400000US47157002700,47157002700,"Census Tract 27, Shelby County, Tennessee",1562,249,991,224,991,224,861,225,130,59,0,12,571,146
1400000US47157002800,47157002800,"Census Tract 28, Shelby County, Tennessee",2681,288,1296,238,1296,238,1140,234,156,93,0,12,1385,245
1400000US47157002900,47157002900,"Census Tract 29, Shelby County, Tennessee",3850,460,2748,334,2748,334,2500,306,248,123,0,12,1102,304
1400000US47157003000,47157003000,"Census Tract 30, Shelby County, Tennessee",2856,244,1502,190,1502,190,1352,176,150,87,0,12,1354,210
1400000US47157003100,47157003100,"Census Tract 31, Shelby County, Tennessee",3179,222,2351,231,2351,231,2263,232,88,62,0,12,828,177
1400000US47157003200,47157003200,"Census Tract 32, Shelby County, Tennessee",3026,346,1912,257,1912,257,1820,277,92,73,0,12,1114,263
1400000US47157003300,47157003300,"Census Tract 33, Shelby County, Tennessee",1985,151,1438,179,1438,179,1415,177,23,27,0,12,547,122
1400000US47157003400,47157003400,"Census Tract 34, Shelby County, Tennessee",1935,250,1490,194,1490,194,1359,193,131,99,0,12,445,179
1400000US47157003500,47157003500,"Census Tract 35, Shelby County, Tennessee",2800,240,2205,222,2205,222,2054,216,151,70,0,12,595,156
1400000US47157003600,47157003600,"Census Tract 36, Shelby County, Tennessee",1483,267,1033,245,1033,245,988,247,45,38,0,12,450,103
1400000US47157003700,47157003700,"Census Tract 37, Shelby County, Tennessee",1274,109,575,112,575,112,538,103,37,23,0,12,699,90
1400000US47157003800,47157003800,"Census Tract 38, Shelby County, Tennessee",1127,122,599,102,599,102,557,91,42,40,0,12,528,96
1400000US47157003900,47157003900,"Census Tract 39, Shelby County, Tennessee",1174,131,505,115,491,116,383,97,108,57,14,17,669,130
1400000US47157004200,47157004200,"Census Tract 42, Shelby County, Tennessee",2402,195,2048,201,2048,201,1915,213,133,76,0,12,354,101
1400000US47157004300,47157004300,"Census Tract 43, Shelby County, Tennessee",1331,150,1076,149,1076,149,1028,144,48,25,0,12,255,59
1400000US47157004500,47157004500,"Census Tract 45, Shelby County, Tennessee",347,93,152,51,152,51,134,42,18,15,0,12,195,72
1400000US47157004600,47157004600,"Census Tract 46, Shelby County, Tennessee",1009,129,650,147,650,147,579,143,71,44,0,12,359,101
1400000US47157005000,47157005000,"Census Tract 50, Shelby County, Tennessee",780,145,274,80,274,80,197,66,77,47,0,12,506,135
1400000US47157005300,47157005300,"Census Tract 53, Shelby County, Tennessee",2830,260,1506,236,1506,236,1064,203,442,126,0,12,1324,187
1400000US47157005500,47157005500,"Census Tract 55, Shelby County, Tennessee",1806,310,1055,233,1055,233,740,209,315,167,0,12,751,208
1400000US47157005600,47157005600,"Census Tract 56, Shelby County, Tennessee",3023,307,1743,249,1743,249,1382,197,361,171,0,12,1280,226
1400000US47157005700,47157005700,"Census Tract 57, Shelby County, Tennessee",1697,328,971,253,971,253,692,197,279,151,0,12,726,151
1400000US47157005800,47157005800,"Census Tract 58, Shelby County, Tennessee",958,244,471,130,467,130,251,76,216,118,4,8,487,160
1400000US47157005900,47157005900,"Census Tract 59, Shelby County, Tennessee",1805,323,881,227,881,227,688,183,193,90,0,12,924,182
1400000US47157006000,47157006000,"Census Tract 60, Shelby County, Tennessee",1752,259,919,177,919,177,611,161,308,106,0,12,833,183
1400000US47157006200,47157006200,"Census Tract 62, Shelby County, Tennessee",1848,226,1103,203,1103,203,822,215,281,110,0,12,745,111
1400000US47157006300,47157006300,"Census Tract 63, Shelby County, Tennessee",1938,202,1611,192,1611,192,1524,185,87,60,0,12,327,98
1400000US47157006400,47157006400,"Census Tract 64, Shelby County, Tennessee",1387,246,775,174,775,174,556,168,219,89,0,12,612,152
1400000US47157006500,47157006500,"Census Tract 65, Shelby County, Tennessee",2296,282,1410,299,1410,299,1158,276,252,130,0,12,886,169
1400000US47157006600,47157006600,"Census Tract 66, Shelby County, Tennessee",1846,236,1290,224,1290,224,1179,212,111,54,0,12,556,155
1400000US47157006700,47157006700,"Census Tract 67, Shelby County, Tennessee",2383,413,1288,297,1288,297,946,238,342,175,0,12,1095,210
1400000US47157006800,47157006800,"Census Tract 68, Shelby County, Tennessee",2168,383,953,175,953,175,673,167,280,110,0,12,1215,338
1400000US47157006900,47157006900,"Census Tract 69, Shelby County, Tennessee",2580,251,1212,204,1212,204,891,170,321,111,0,12,1368,240
1400000US47157007000,47157007000,"Census Tract 70, Shelby County, Tennessee",2822,259,2019,234,2003,235,1655,221,348,131,16,24,803,196
1400000US47157007100,47157007100,"Census Tract 71, Shelby County, Tennessee",1967,181,1223,157,1223,157,1166,142,57,42,0,12,744,134
1400000US47157007200,47157007200,"Census Tract 72, Shelby County, Tennessee",2238,204,1842,174,1835,175,1772,179,63,49,7,11,396,89
1400000US47157007300,47157007300,"Census Tract 73, Shelby County, Tennessee",4801,792,2399,403,2399,403,2059,338,340,138,0,12,2402,617
1400000US47157007400,47157007400,"Census Tract 74, Shelby County, Tennessee",2721,325,2134,302,2134,302,1986,289,148,93,0,12,587,142
1400000US47157007500,47157007500,"Census Tract 75, Shelby County, Tennessee",992,193,552,150,552,150,450,124,102,61,0,12,440,116
1400000US47157007810,47157007810,"Census Tract 78.10, Shelby County, Tennessee",2164,277,1173,230,1173,230,768,200,405,144,0,12,991,171
1400000US47157007821,47157007821,"Census Tract 78.21, Shelby County, Tennessee",4658,572,2513,558,2513,558,1505,422,1008,342,0,17,2145,491
1400000US47157007822,47157007822,"Census Tract 78.22, Shelby County, Tennessee",1332,173,795,180,795,180,638,145,157,73,0,12,537,184
1400000US47157007900,47157007900,"Census Tract 79, Shelby County, Tennessee",4563,480,2392,340,2392,340,1869,300,523,249,0,17,2171,414
1400000US47157008000,47157008000,"Census Tract 80, Shelby County, Tennessee",3991,452,2624,419,2624,419,2394,347,230,170,0,17,1367,287
1400000US47157008110,47157008110,"Census Tract 81.10, Shelby County, Tennessee",1938,265,1159,218,1159,218,1005,201,154,76,0,12,779,162
1400000US47157008120,47157008120,"Census Tract 81.20, Shelby County, Tennessee",3790,356,1816,252,1816,252,1438,228,378,129,0,12,1974,261
1400000US47157008200,47157008200,"Census Tract 82, Shelby County, Tennessee",3885,504,2295,427,2295,427,1789,378,506,165,0,17,1590,311
1400000US47157008500,47157008500,"Census Tract 85, Shelby County, Tennessee",3517,210,2038,182,2038,182,1985,179,53,40,0,12,1479,146
1400000US47157008600,47157008600,"Census Tract 86, Shelby County, Tennessee",4488,281,3266,300,3266,300,3113,294,153,84,0,17,1222,184
1400000US47157008700,47157008700,"Census Tract 87, Shelby County, Tennessee",3182,313,2011,240,2011,240,1839,219,172,102,0,12,1171,199
1400000US47157008800,47157008800,"Census Tract 88, Shelby County, Tennessee",5222,628,3198,456,3198,456,2742,465,456,173,0,17,2024,383
1400000US47157008900,47157008900,"Census Tract 89, Shelby County, Tennessee",2986,451,1778,366,1778,366,1518,345,260,87,0,12,1208,218
1400000US47157009100,47157009100,"Census Tract 91, Shelby County, Tennessee",1941,288,1127,219,1127,219,1015,227,112,62,0,12,814,165
1400000US47157009200,47157009200,"Census Tract 92, Shelby County, Tennessee",5667,366,3960,357,3905,344,3805,339,100,65,55,89,1707,242
1400000US47157009300,47157009300,"Census Tract 93, Shelby County, Tennessee",3844,537,2170,309,2170,309,1954,297,216,114,0,12,1674,461
1400000US47157009400,47157009400,"Census Tract 94, Shelby County, Tennessee",3079,294,1957,204,1957,204,1858,190,99,75,0,12,1122,225
1400000US47157009500,47157009500,"Census Tract 95, Shelby County, Tennessee",5182,366,3828,345,3828,345,3561,333,267,114,0,17,1354,260
1400000US47157009600,47157009600,"Census Tract 96, Shelby County, Tennessee",4174,250,2652,252,2652,252,2571,252,81,52,0,17,1522,233
1400000US47157009700,47157009700,"Census Tract 97, Shelby County, Tennessee",2200,368,1588,302,1588,302,1258,227,330,197,0,12,612,143
1400000US47157009800,47157009800,"Census Tract 98, Shelby County, Tennessee",2706,338,1613,220,1613,220,1475,218,138,75,0,12,1093,292
1400000US47157009901,47157009901,"Census Tract 99.01, Shelby County, Tennessee",2646,432,1644,418,1644,418,1363,392,281,161,0,12,1002,208
1400000US47157009902,47157009902,"Census Tract 99.02, Shelby County, Tennessee",1822,247,1257,198,1257,198,883,165,374,142,0,12,565,166
1400000US47157010000,47157010000,"Census Tract 100, Shelby County, Tennessee",5561,573,3817,543,3817,543,2626,447,1191,322,0,17,1744,398
1400000US47157010110,47157010110,"Census Tract 101.10, Shelby County, Tennessee",4892,509,3130,433,3130,433,2378,394,752,281,0,17,1762,359
1400000US47157010120,47157010120,"Census Tract 101.20, Shelby County, Tennessee",3345,416,1870,305,1870,305,1600,282,270,90,0,17,1475,259
1400000US47157010210,47157010210,"Census Tract 102.10, Shelby County, Tennessee",3811,334,2326,255,2326,255,1965,230,361,141,0,17,1485,293
1400000US47157010220,47157010220,"Census Tract 102.20, Shelby County, Tennessee",5556,594,3344,555,3344,555,2917,516,427,196,0,17,2212,308
1400000US47157010300,47157010300,"Census Tract 103, Shelby County, Tennessee",1050,156,616,123,616,123,503,99,113,67,0,12,434,103
1400000US47157010500,47157010500,"Census Tract 105, Shelby County, Tennessee",1680,261,777,184,777,184,638,141,139,81,0,12,903,230
1400000US47157010610,47157010610,"Census Tract 106.10, Shelby County, Tennessee",4996,538,3401,463,3401,463,2876,372,525,184,0,17,1595,303
1400000US47157010620,47157010620,"Census Tract 106.20, Shelby County, Tennessee",2155,321,1679,241,1679,241,1419,243,260,133,0,12,476,152
1400000US47157010630,47157010630,"Census Tract 106.30, Shelby County, Tennessee",3188,440,2348,391,2348,391,1954,369,394,120,0,12,840,207
1400000US47157010710,47157010710,"Census Tract 107.10, Shelby County, Tennessee",3926,419,2657,302,2657,302,2252,297,405,151,0,17,1269,303
1400000US47157010720,47157010720,"Census Tract 107.20, Shelby County, Tennessee",2760,243,2007,263,2007,263,1716,238,291,115,0,12,753,170
1400000US47157010810,47157010810,"Census Tract 108.10, Shelby County, Tennessee",4344,384,3177,348,3177,348,2697,330,480,187,0,17,1167,230
1400000US47157010820,47157010820,"Census Tract 108.20, Shelby County, Tennessee",3607,269,2385,287,2385,287,2179,293,206,79,0,17,1222,248
1400000US47157011010,47157011010,"Census Tract 110.10, Shelby County, Tennessee",3384,283,1973,185,1973,185,1650,184,323,104,0,12,1411,273
1400000US47157011020,47157011020,"Census Tract 110.20, Shelby County, Tennessee",1007,122,710,91,710,91,590,98,120,52,0,12,297,93
1400000US47157011100,47157011100,"Census Tract 111, Shelby County, Tennessee",1389,210,623,163,623,163,592,162,31,24,0,12,766,154
1400000US47157011200,47157011200,"Census Tract 112, Shelby County, Tennessee",1153,192,615,160,615,160,453,121,162,71,0,12,538,127
1400000US47157011300,47157011300,"Census Tract 113, Shelby County, Tennessee",1123,188,694,130,694,130,617,120,77,52,0,12,429,114
1400000US47157011400,47157011400,"Census Tract 114, Shelby County, Tennessee",4389,344,1151,213,1135,208,755,133,380,167,16,20,3238,253
1400000US47157011500,47157011500,"Census Tract 115, Shelby County, Tennessee",1927,369,1027,256,1027,256,694,209,333,192,0,12,900,239
1400000US47157011600,47157011600,"Census Tract 116, Shelby County, Tennessee",2024,368,1038,257,1038,257,684,200,354,141,0,12,986,310
1400000US47157011700,47157011700,"Census Tract 117, Shelby County, Tennessee",1238,176,680,112,680,112,432,88,248,76,0,12,558,129
1400000US47157011800,47157011800,"Census Tract 118, Shelby County, Tennessee",4186,514,2859,310,2849,313,2454,320,395,147,10,18,1327,364
1400000US47157020101,47157020101,"Census Tract 201.01, Shelby County, Tennessee",3327,364,1882,293,1882,293,1568,257,314,189,0,12,1445,235
1400000US47157020102,47157020102,"Census Tract 201.02, Shelby County, Tennessee",2393,180,1474,214,1466,215,1298,196,168,82,8,13,919,173
1400000US47157020210,47157020210,"Census Tract 202.10, Shelby County, Tennessee",4638,544,3263,447,3240,452,2897,407,343,167,23,36,1375,261
1400000US47157020221,47157020221,"Census Tract 202.21, Shelby County, Tennessee",2426,257,1495,248,1495,248,1332,228,163,81,0,12,931,179
1400000US47157020222,47157020222,"Census Tract 202.22, Shelby County, Tennessee",2396,230,1590,269,1590,269,1318,204,272,175,0,12,806,155
1400000US47157020300,47157020300,"Census Tract 203, Shelby County, Tennessee",4333,390,2521,386,2521,386,2318,388,203,118,0,17,1812,349
1400000US47157020400,47157020400,"Census Tract 204, Shelby County, Tennessee",910,136,767,128,434,104,380,94,54,51,333,105,143,60
1400000US47157020511,47157020511,"Census Tract 205.11, Shelby County, Tennessee",1916,229,1117,198,1117,198,981,180,136,57,0,12,799,213
1400000US47157020512,47157020512,"Census Tract 205.12, Shelby County, Tennessee",4010,531,2493,425,2493,425,2125,367,368,169,0,17,1517,270
1400000US47157020521,47157020521,"Census Tract 205.21, Shelby County, Tennessee",2851,328,1815,256,1815,256,1484,232,331,139,0,12,1036,237
1400000US47157020523,47157020523,"Census Tract 205.23, Shelby County, Tennessee",2423,348,1727,290,1727,290,1367,271,360,152,0,12,696,272
1400000US47157020524,47157020524,"Census Tract 205.24, Shelby County, Tennessee",3288,321,2127,270,2127,270,1822,215,305,166,0,12,1161,232
1400000US47157020531,47157020531,"Census Tract 205.31, Shelby County, Tennessee",4321,603,3047,471,3047,471,2791,469,256,109,0,17,1274,310
1400000US47157020532,47157020532,"Census Tract 205.32, Shelby County, Tennessee",4462,384,2760,358,2760,358,2472,329,288,163,0,17,1702,258
1400000US47157020541,47157020541,"Census Tract 205.41, Shelby County, Tennessee",3966,402,2744,318,2744,318,2378,284,366,158,0,17,1222,217
1400000US47157020542,47157020542,"Census Tract 205.42, Shelby County, Tennessee",3589,478,2572,392,2572,392,2326,376,246,148,0,17,1017,229
1400000US47157020610,47157020610,"Census Tract 206.10, Shelby County, Tennessee",2834,280,2126,269,2126,269,1946,271,180,97,0,12,708,177
1400000US47157020621,47157020621,"Census Tract 206.21, Shelby County, Tennessee",5224,458,3792,427,3792,427,3394,409,398,188,0,17,1432,250
1400000US47157020622,47157020622,"Census Tract 206.22, Shelby County, Tennessee",3373,257,1857,177,1851,178,1705,179,146,67,6,9,1516,234
1400000US47157020632,47157020632,"Census Tract 206.32, Shelby County, Tennessee",4131,315,2794,243,2791,243,2635,237,156,70,3,6,1337,248
1400000US47157020633,47157020633,"Census Tract 206.33, Shelby County, Tennessee",2687,188,1755,201,1680,213,1663,213,17,22,75,88,932,164
1400000US47157020634,47157020634,"Census Tract 206.34, Shelby County, Tennessee",2519,179,1572,173,1572,173,1469,162,103,51,0,12,947,200
1400000US47157020635,47157020635,"Census Tract 206.35, Shelby County, Tennessee",2208,159,1455,182,1455,182,1349,194,106,62,0,12,753,115
1400000US47157020642,47157020642,"Census Tract 206.42, Shelby County, Tennessee",6645,504,4973,354,4931,352,4726,338,205,97,42,39,1672,302
1400000US47157020643,47157020643,"Census Tract 206.43, Shelby County, Tennessee",6489,428,4383,400,4353,395,4071,394,282,134,30,34,2106,320
1400000US47157020644,47157020644,"Census Tract 206.44, Shelby County, Tennessee",6886,490,5078,375,4978,381,4617,388,361,156,100,75,1808,310
1400000US47157020651,47157020651,"Census Tract 206.51, Shelby County, Tennessee",5360,358,3420,390,3420,390,3089,327,331,145,0,17,1940,453
1400000US47157020652,47157020652,"Census Tract 206.52, Shelby County, Tennessee",4210,273,3125,251,3111,254,2767,238,344,141,14,23,1085,189
1400000US47157020700,47157020700,"Census Tract 207, Shelby County, Tennessee",2112,180,1250,132,1228,126,1126,117,102,47,22,18,862,174
1400000US47157020810,47157020810,"Census Tract 208.10, Shelby County, Tennessee",2694,225,1749,208,1731,211,1627,212,104,58,18,23,945,221
1400000US47157020820,47157020820,"Census Tract 208.20, Shelby County, Tennessee",5984,355,4230,332,4193,329,3952,316,241,119,37,31,1754,313
1400000US47157020831,47157020831,"Census Tract 208.31, Shelby County, Tennessee",3126,271,2276,251,2276,251,2165,259,111,61,0,12,850,202
1400000US47157020832,47157020832,"Census Tract 208.32, Shelby County, Tennessee",7056,460,4983,351,4954,349,4774,371,180,104,29,35,2073,342
1400000US47157020900,47157020900,"Census Tract 209, Shelby County, Tennessee",6627,360,4930,376,4857,370,4800,365,57,43,73,68,1697,337
1400000US47157021010,47157021010,"Census Tract 210.10, Shelby County, Tennessee",12464,726,9118,627,9118,627,8737,602,381,191,0,19,3346,676
1400000US47157021020,47157021020,"Census Tract 210.20, Shelby County, Tennessee",4696,451,3161,389,3161,389,3032,399,129,79,0,17,1535,263
1400000US47157021111,47157021111,"Census Tract 211.11, Shelby County, Tennessee",3149,338,2376,326,2376,326,2219,330,157,97,0,12,773,208
1400000US47157021112,47157021112,"Census Tract 211.12, Shelby County, Tennessee",4963,439,3667,479,3667,479,3385,484,282,153,0,17,1296,290
1400000US47157021113,47157021113,"Census Tract 211.13, Shelby County, Tennessee",2898,262,2379,299,2379,299,2158,232,221,171,0,12,519,141
1400000US47157021121,47157021121,"Census Tract 211.21, Shelby County, Tennessee",4019,381,2883,349,2883,349,2718,351,165,103,0,12,1136,214
1400000US47157021122,47157021122,"Census Tract 211.22, Shelby County, Tennessee",4203,355,3125,357,3125,357,2959,363,166,110,0,17,1078,254
1400000US47157021124,47157021124,"Census Tract 211.24, Shelby County, Tennessee",6113,803,4904,738,4904,738,4539,696,365,233,0,17,1209,279
1400000US47157021125,47157021125,"Census Tract 211.25, Shelby County, Tennessee",3842,518,2556,278,2544,278,2408,264,136,80,12,19,1286,445
1400000US47157021126,47157021126,"Census Tract 211.26, Shelby County, Tennessee",3511,307,2615,250,2615,250,2493,239,122,82,0,12,896,237
1400000US47157021135,47157021135,"Census Tract 211.35, Shelby County, Tennessee",5119,432,3769,346,3752,346,3553,333,199,110,17,27,1350,317
1400000US47157021136,47157021136,"Census Tract 211.36, Shelby County, Tennessee",3869,281,2931,291,2931,291,2818,271,113,58,0,17,938,153
1400000US47157021137,47157021137,"Census Tract 211.37, Shelby County, Tennessee",5947,434,4405,429,4405,429,4235,426,170,94,0,17,1542,291
1400000US47157021138,47157021138,"Census Tract 211.38, Shelby County, Tennessee",2497,243,1960,192,1960,192,1878,186,82,55,0,12,537,134
1400000US47157021139,47157021139,"Census Tract 211.39, Shelby County, Tennessee",3436,293,2291,217,2291,217,2199,209,92,66,0,12,1145,208
1400000US47157021140,47157021140,"Census Tract 211.40, Shelby County, Tennessee",3809,380,2828,385,2828,385,2633,350,195,153,0,17,981,188
1400000US47157021141,47157021141,"Census Tract 211.41, Shelby County, Tennessee",5675,444,4516,392,4500,392,4231,404,269,154,16,27,1159,271
1400000US47157021142,47157021142,"Census Tract 211.42, Shelby County, Tennessee",3328,312,2496,435,2496,435,2341,450,155,105,0,12,832,258
1400000US47157021200,47157021200,"Census Tract 212, Shelby County, Tennessee",4067,687,0,12,0,12,0,12,0,12,0,12,4067,687
1400000US47157021311,47157021311,"Census Tract 213.11, Shelby County, Tennessee",3771,269,2098,286,2098,286,2013,274,85,54,0,12,1673,188
1400000US47157021312,47157021312,"Census Tract 213.12, Shelby County, Tennessee",1974,173,1449,161,1449,161,1405,183,44,65,0,12,525,124
1400000US47157021320,47157021320,"Census Tract 213.20, Shelby County, Tennessee",4666,348,3202,288,3202,288,3113,279,89,58,0,17,1464,247
1400000US47157021331,47157021331,"Census Tract 213.31, Shelby County, Tennessee",2761,247,1795,190,1795,190,1720,184,75,49,0,12,966,183
1400000US47157021333,47157021333,"Census Tract 213.33, Shelby County, Tennessee",2981,356,2164,300,2153,304,2068,292,85,57,11,22,817,177
1400000US47157021334,47157021334,"Census Tract 213.34, Shelby County, Tennessee",3021,388,2232,338,2232,338,2015,329,217,123,0,12,789,191
1400000US47157021341,47157021341,"Census Tract 213.41, Shelby County, Tennessee",4442,248,2660,200,2660,200,2560,189,100,49,0,17,1782,200
1400000US47157021342,47157021342,"Census Tract 213.42, Shelby County, Tennessee",7689,473,5460,395,5460,395,5285,383,175,109,0,17,2229,508
1400000US47157021351,47157021351,"Census Tract 213.51, Shelby County, Tennessee",3655,227,2149,238,2149,238,2051,237,98,93,0,12,1506,175
1400000US47157021352,47157021352,"Census Tract 213.52, Shelby County, Tennessee",5227,327,3425,284,3425,284,3332,279,93,63,0,17,1802,275
1400000US47157021353,47157021353,"Census Tract 213.53, Shelby County, Tennessee",7456,398,4827,344,4827,344,4593,346,234,180,0,17,2629,326
1400000US47157021410,47157021410,"Census Tract 214.10, Shelby County, Tennessee",2213,148,1422,149,1422,149,1371,144,51,38,0,12,791,111
1400000US47157021420,47157021420,"Census Tract 214.20, Shelby County, Tennessee",2689,190,1781,160,1781,160,1653,155,128,65,0,12,908,136
1400000US47157021430,47157021430,"Census Tract 214.30, Shelby County, Tennessee",3399,234,2348,219,2348,219,2292,221,56,37,0,12,1051,147
1400000US47157021510,47157021510,"Census Tract 215.10, Shelby County, Tennessee",6426,560,4561,416,4546,416,4292,414,254,134,15,25,1865,418
1400000US47157021520,47157021520,"Census Tract 215.20, Shelby County, Tennessee",8323,564,6062,526,6062,526,5602,482,460,177,0,19,2261,289
1400000US47157021530,47157021530,"Census Tract 215.30, Shelby County, Tennessee",4065,192,2763,199,2754,201,2618,202,136,70,9,13,1302,152
1400000US47157021540,47157021540,"Census Tract 215.40, Shelby County, Tennessee",8573,324,5991,341,5991,341,5692,326,299,119,0,19,2582,287
1400000US47157021611,47157021611,"Census Tract 216.11, Shelby County, Tennessee",5024,281,3367,236,3367,236,3114,251,253,139,0,17,1657,258
1400000US47157021612,47157021612,"Census Tract 216.12, Shelby County, Tennessee",3759,193,2824,173,2824,173,2716,176,108,66,0,12,935,151
1400000US47157021613,47157021613,"Census Tract 216.13, Shelby County, Tennessee",3617,232,2642,196,2635,195,2413,177,222,97,7,11,975,218
1400000US47157021620,47157021620,"Census Tract 216.20, Shelby County, Tennessee",2166,268,1512,230,1512,230,1287,223,225,116,0,12,654,136
1400000US47157021710,47157021710,"Census Tract 217.10, Shelby County, Tennessee",1863,206,1420,187,1420,187,1215,182,205,83,0,12,443,114
1400000US47157021721,47157021721,"Census Tract 217.21, Shelby County, Tennessee",3565,348,2565,323,2565,323,2045,264,520,214,0,12,1000,187
1400000US47157021724,47157021724,"Census Tract 217.24, Shelby County, Tennessee",1744,188,1268,138,1268,138,1138,127,130,58,0,12,476,143
1400000US47157021725,47157021725,"Census Tract 217.25, Shelby County, Tennessee",3770,372,3343,328,3335,329,3067,303,268,116,8,13,427,146
1400000US47157021726,47157021726,"Census Tract 217.26, Shelby County, Tennessee",3455,389,2168,307,2168,307,1767,318,401,172,0,12,1287,247
1400000US47157021731,47157021731,"Census Tract 217.31, Shelby County, Tennessee",2065,277,1328,192,1328,192,1060,150,268,94,0,12,737,159
1400000US47157021732,47157021732,"Census Tract 217.32, Shelby County, Tennessee",4586,347,3551,358,3551,358,3154,334,397,169,0,17,1035,214
1400000US47157021741,47157021741,"Census Tract 217.41, Shelby County, Tennessee",5778,580,4583,511,4583,511,3785,451,798,251,0,17,1195,396
1400000US47157021744,47157021744,"Census Tract 217.44, Shelby County, Tennessee",4961,366,3662,291,3662,291,3182,354,480,186,0,17,1299,280
1400000US47157021745,47157021745,"Census Tract 217.45, Shelby County, Tennessee",6439,586,4870,501,4870,501,4200,405,670,339,0,17,1569,278
1400000US47157021746,47157021746,"Census Tract 217.46, Shelby County, Tennessee",3072,317,2425,266,2425,266,2046,254,379,126,0,12,647,224
1400000US47157021747,47157021747,"Census Tract 217.47, Shelby County, Tennessee",2633,341,1890,306,1882,306,1653,292,229,128,8,13,743,216
1400000US47157021751,47157021751,"Census Tract 217.51, Shelby County, Tennessee",5403,433,3892,350,3892,350,3487,335,405,151,0,17,1511,292
1400000US47157021752,47157021752,"Census Tract 217.52, Shelby County, Tennessee",3284,306,2396,272,2396,272,2252,248,144,69,0,12,888,171
1400000US47157021753,47157021753,"Census Tract 217.53, Shelby County, Tennessee",2319,408,1891,348,1891,348,1730,294,161,102,0,12,428,160
1400000US47157021754,47157021754,"Census Tract 217.54, Shelby County, Tennessee",3326,291,2649,247,2649,247,2365,223,284,129,0,12,677,140
1400000US47157021900,47157021900,"Census Tract 219, Shelby County, Tennessee",3979,454,2716,304,2716,304,2015,241,701,197,0,17,1263,335
1400000US47157022022,47157022022,"Census Tract 220.22, Shelby County, Tennessee",2594,458,1456,293,1456,293,1191,257,265,132,0,12,1138,418
1400000US47157022023,47157022023,"Census Tract 220.23, Shelby County, Tennessee",1743,314,1129,200,1129,200,945,185,184,99,0,12,614,195
1400000US47157022024,47157022024,"Census Tract 220.24, Shelby County, Tennessee",2673,224,1855,227,1830,236,1725,220,105,78,25,36,818,168
1400000US47157022111,47157022111,"Census Tract 221.11, Shelby County, Tennessee",4307,572,2335,460,2335,460,1913,328,422,270,0,17,1972,427
1400000US47157022112,47157022112,"Census Tract 221.12, Shelby County, Tennessee",4951,502,3006,378,3006,378,2348,347,658,198,0,17,1945,381
1400000US47157022121,47157022121,"Census Tract 221.21, Shelby County, Tennessee",3839,318,2204,231,2204,231,1957,218,247,94,0,12,1635,253
1400000US47157022122,47157022122,"Census Tract 221.22, Shelby County, Tennessee",3043,368,2162,336,2162,336,1765,348,397,155,0,12,881,201
1400000US47157022130,47157022130,"Census Tract 221.30, Shelby County, Tennessee",4500,522,2796,434,2796,434,2214,347,582,229,0,17,1704,346
1400000US47157022210,47157022210,"Census Tract 222.10, Shelby County, Tennessee",3564,332,2011,265,2011,265,1492,274,519,181,0,12,1553,242
1400000US47157022220,47157022220,"Census Tract 222.20, Shelby County, Tennessee",3021,333,1784,284,1759,279,1390,218,369,149,25,40,1237,248
1400000US47157022310,47157022310,"Census Tract 223.10, Shelby County, Tennessee",4179,572,2130,342,2130,342,1566,318,564,170,0,17,2049,426
1400000US47157022321,47157022321,"Census Tract 223.21, Shelby County, Tennessee",2828,291,1840,264,1840,264,1527,257,313,104,0,12,988,193
1400000US47157022322,47157022322,"Census Tract 223.22, Shelby County, Tennessee",3206,292,1820,252,1820,252,1539,208,281,113,0,12,1386,188
1400000US47157022330,47157022330,"Census Tract 223.30, Shelby County, Tennessee",3580,299,2234,236,2224,238,1792,220,432,135,10,17,1346,227
1400000US47157022410,47157022410,"Census Tract 224.10, Shelby County, Tennessee",5053,430,3015,399,3015,399,2587,330,428,192,0,17,2038,328
1400000US47157022500,47157022500,"Census Tract 225, Shelby County, Tennessee",3707,358,2342,318,2342,318,2051,250,291,125,0,12,1365,233
1400000US47157022600,47157022600,"Census Tract 226, Shelby County, Tennessee",3170,359,2241,262,2241,262,1883,247,358,106,0,12,929,223
1400000US47157022700,47157022700,"Census Tract 227, Shelby County, Tennessee",5786,554,3085,481,3085,481,2286,441,799,300,0,17,2701,377
1400000US47157980100,47157980100,"Census Tract 9801, Shelby County, Tennessee",68,30,27,41,27,41,13,27,14,30,0,12,41,40
1400000US47157980200,47157980200,"Census Tract 9802, Shelby County, Tennessee",0,12,0,12,0,12,0,12,0,12,0,12,0,12
1400000US47157980300,47157980300,"Census Tract 9803, Shelby County, Tennessee",0,12,0,12,0,12,0,12,0,12,0,12,0,12
1400000US47157980400,47157980400,"Census Tract 9804, Shelby County, Tennessee",356,155,0,12,0,12,0,12,0,12,0,12,356,155
