"County Name","Census Tract","Population","Body Mass Index","IBL Ranking"
"n/a","State Total","--","22.94","6"
"Adams","53001950100","120","22.76","5"
"Adams","53001950200","168","23.71","9"
"Adams","53001950300","725","23.8","9"
"Adams","53001950400","303","22.99","6"
"Adams","53001950500","290","23.29","7"
"Asotin","53003960100","284","22.23","3"
"Asotin","53003960200","295","22.7","5"
"Asotin","53003960300","112","23.68","8"
"Asotin","53003960400","173","23.66","8"
"Asotin","53003960500","279","24.99","10"
"Asotin","53003960600","190","22.96","6"
"Benton","53005010100","319","22.86","5"
"Benton","53005010201","316","22.55","4"
"Benton","53005010202","554","23.26","7"
"Benton","53005010300","392","23.1","6"
"Benton","53005010400","334","23.9","9"
"Benton","53005010500","241","22.9","5"
"Benton","53005010600","242","22.95","6"
"Benton","53005010701","106","23.64","8"
"Benton","53005010703","102","22.68","4"
"Benton","53005010705","441","22.45","4"
"Benton","53005010707","247","22.37","3"
"Benton","53005010708","108","23.14","6"
"Benton","53005010803","557","22.15","2"
"Benton","53005010805","321","22.25","3"
"Benton","53005010807","198","22.71","5"
"Benton","53005010809","535","22.67","4"
"Benton","53005010810","251","21.8","2"
"Benton","53005010811","213","21.43","1"
"Benton","53005010813","748","22.46","4"
"Benton","53005010814","202","21.99","2"
"Benton","53005010901","435","24.23","10"
"Benton","53005010902","363","23.32","7"
"Benton","53005011001","223","23.29","7"
"Benton","53005011002","274","24.11","10"
"Benton","53005011100","426","24.08","9"
"Benton","53005011200","609","24.54","10"
"Benton","53005011300","417","24.53","10"
"Benton","53005011401","316","23.81","9"
"Benton","53005011402","367","23.16","7"
"Benton","53005011501","522","24.13","10"
"Benton","53005011503","427","22.74","5"
"Benton","53005011504","297","23.63","8"
"Benton","53005011600","100","22.62","4"
"Benton","53005011700","382","23.77","9"
"Benton","53005011800","714","23.5","8"
"Benton","53005011900","464","24.07","9"
"Benton","53005012000","--","--","**"
"Chelan","53007960100","184","23.07","6"
"Chelan","53007960200","331","22.21","3"
"Chelan","53007960300","543","23.27","7"
"Chelan","53007960400","108","23.01","6"
"Chelan","53007960500","469","22.74","5"
"Chelan","53007960600","319","22.83","5"
"Chelan","53007960700","242","22.45","4"
"Chelan","53007960801","260","21.67","1"
"Chelan","53007960802","457","23.24","7"
"Chelan","53007961000","377","23.19","7"
"Chelan","53007961100","767","23.79","9"
"Chelan","53007961200","244","23.39","7"
"Chelan","53007961301","64","22.81","5"
"Chelan","53007961302","608","22.61","4"
"Clallam","53009000200","103","25.33","10"
"Clallam","53009000300","300","23.72","9"
"Clallam","53009000400","105","24.82","10"
"Clallam","53009000600","137","23.15","6"
"Clallam","53009000700","217","23.46","8"
"Clallam","53009000800","171","25.03","10"
"Clallam","53009000900","144","23.02","6"
"Clallam","53009001000","122","24.67","10"
"Clallam","53009001100","383","24.02","9"
"Clallam","53009001200","220","22.16","2"
"Clallam","53009001300","180","23.62","8"
"Clallam","53009001400","209","23.61","8"
"Clallam","53009001500","183","23.39","7"
"Clallam","53009001600","56","23.8","9"
"Clallam","53009001700","188","22.82","5"
"Clallam","53009001800","186","23.24","7"
"Clallam","53009001900","331","22.7","5"
"Clallam","53009002000","180","22.66","4"
"Clallam","53009002100","203","23.63","8"
"Clallam","53009002300","155","23.35","7"
"Clallam","53009940000","78","24.05","9"
"Clallam","53009990100","--","--","**"
"Clark","53011040101","289","22.78","5"
"Clark","53011040102","286","22.35","3"
"Clark","53011040201","408","22.58","4"
"Clark","53011040202","265","22.64","4"
"Clark","53011040203","336","22.23","3"
"Clark","53011040301","119","21.85","2"
"Clark","53011040302","445","22.64","4"
"Clark","53011040403","370","22.77","5"
"Clark","53011040407","291","23.17","7"
"Clark","53011040408","302","22.77","5"
"Clark","53011040409","201","21.82","2"
"Clark","53011040411","43","23.44","8"
"Clark","53011040412","286","23.11","6"
"Clark","53011040413","285","22.4","3"
"Clark","53011040414","375","22.58","4"
"Clark","53011040415","394","23.23","7"
"Clark","53011040416","359","22.5","4"
"Clark","53011040504","562","22.1","2"
"Clark","53011040505","401","22.06","2"
"Clark","53011040507","99","24.53","10"
"Clark","53011040508","498","22.82","5"
"Clark","53011040509","266","24.06","9"
"Clark","53011040510","227","22.13","2"
"Clark","53011040511","164","22.65","4"
"Clark","53011040603","373","22.11","2"
"Clark","53011040604","510","23.09","6"
"Clark","53011040605","468","22.25","3"
"Clark","53011040608","347","21.41","1"
"Clark","53011040609","288","21.58","1"
"Clark","53011040610","360","21.67","1"
"Clark","53011040703","426","23.75","9"
"Clark","53011040706","303","23.58","8"
"Clark","53011040707","218","23.68","8"
"Clark","53011040709","299","22.41","3"
"Clark","53011040710","313","22.41","3"
"Clark","53011040711","213","23.67","8"
"Clark","53011040712","478","23.04","6"
"Clark","53011040803","498","22.75","5"
"Clark","53011040805","518","22.24","3"
"Clark","53011040806","560","22.92","5"
"Clark","53011040808","90","23.59","8"
"Clark","53011040809","332","23.21","7"
"Clark","53011040810","180","23.54","8"
"Clark","53011040904","572","22.75","5"
"Clark","53011040905","150","22.1","2"
"Clark","53011040907","429","21.63","1"
"Clark","53011040908","294","22.86","5"
"Clark","53011040909","599","22.78","5"
"Clark","53011040910","290","23.05","6"
"Clark","53011041003","129","22.5","4"
"Clark","53011041005","196","24.93","10"
"Clark","53011041007","212","22.69","5"
"Clark","53011041008","196","22.25","3"
"Clark","53011041009","146","23.31","7"
"Clark","53011041010","62","23.59","8"
"Clark","53011041011","85","23.26","7"
"Clark","53011041104","221","24.42","10"
"Clark","53011041105","378","23.14","6"
"Clark","53011041107","97","22.36","3"
"Clark","53011041108","415","23.26","7"
"Clark","53011041110","230","23.38","7"
"Clark","53011041111","82","23.64","8"
"Clark","53011041112","374","23.62","8"
"Clark","53011041201","298","22.87","5"
"Clark","53011041203","394","24.11","10"
"Clark","53011041205","248","23.26","7"
"Clark","53011041206","219","22.8","5"
"Clark","53011041309","298","23.15","6"
"Clark","53011041310","180","22.33","3"
"Clark","53011041312","149","23.81","9"
"Clark","53011041313","105","23.67","8"
"Clark","53011041317","201","23.07","6"
"Clark","53011041318","422","23.33","7"
"Clark","53011041319","563","22.63","4"
"Clark","53011041320","431","23.18","7"
"Clark","53011041321","298","22.64","4"
"Clark","53011041322","294","23.86","9"
"Clark","53011041323","408","23.61","8"
"Clark","53011041325","301","21.43","1"
"Clark","53011041326","372","24.04","9"
"Clark","53011041327","726","22.62","4"
"Clark","53011041328","266","21.86","2"
"Clark","53011041329","353","21.87","2"
"Clark","53011041330","302","23.52","8"
"Clark","53011041331","223","24.24","10"
"Clark","53011041332","329","23.32","7"
"Clark","53011041333","313","23.15","6"
"Clark","53011041400","391","22.78","5"
"Clark","53011041500","210","23.02","6"
"Clark","53011041600","225","24.75","10"
"Clark","53011041700","164","24.39","10"
"Clark","53011041800","189","24.34","10"
"Clark","53011041900","134","22.15","2"
"Clark","53011042000","100","21.02","1"
"Clark","53011042100","75","23.77","9"
"Clark","53011042300","77","22.84","5"
"Clark","53011042400","49","23.13","6"
"Clark","53011042500","59","22.79","5"
"Clark","53011042600","251","24.18","10"
"Clark","53011042700","390","24.55","10"
"Clark","53011042800","190","22.83","5"
"Clark","53011042900","143","24.19","10"
"Clark","53011043000","93","23.55","8"
"Clark","53011043100","182","22.66","4"
"Columbia","53013960200","269","23.73","9"
"Cowlitz","53015000300","25","24.84","10"
"Cowlitz","53015000400","204","22.46","4"
"Cowlitz","53015000501","218","23.39","7"
"Cowlitz","53015000502","304","25.28","10"
"Cowlitz","53015000601","241","23.8","9"
"Cowlitz","53015000602","234","23.96","9"
"Cowlitz","53015000702","180","23.04","6"
"Cowlitz","53015000703","26","24.17","10"
"Cowlitz","53015000704","391","23.15","6"
"Cowlitz","53015000800","484","22.42","3"
"Cowlitz","53015000900","340","22.85","5"
"Cowlitz","53015001000","40","23.1","6"
"Cowlitz","53015001100","166","24.45","10"
"Cowlitz","53015001200","234","23.34","7"
"Cowlitz","53015001300","226","24.87","10"
"Cowlitz","53015001501","201","22.95","6"
"Cowlitz","53015001502","815","22.82","5"
"Cowlitz","53015001600","315","23.03","6"
"Cowlitz","53015001700","447","22.54","4"
"Cowlitz","53015001800","230","23.46","8"
"Cowlitz","53015001900","320","22.72","5"
"Cowlitz","53015002001","262","23.34","7"
"Cowlitz","53015002002","379","23.64","8"
"Cowlitz","53015002100","274","24.68","10"
"Douglas","53017950100","445","23.28","7"
"Douglas","53017950200","185","22.36","3"
"Douglas","53017950300","473","23.33","7"
"Douglas","53017950400","496","22.91","5"
"Douglas","53017950500","222","23.52","8"
"Douglas","53017950600","287","23.41","8"
"Douglas","53017950700","373","23.71","9"
"Douglas","53017950800","364","23.95","9"
"Ferry","53019940000","129","25.66","10"
"Ferry","53019970100","226","24.02","9"
"Ferry","53019970200","236","22.69","5"
"Franklin","53021020100","714","24.31","10"
"Franklin","53021020200","576","24.02","9"
"Franklin","53021020300","433","24.17","10"
"Franklin","53021020400","781","24.23","10"
"Franklin","53021020501","378","22.96","6"
"Franklin","53021020502","485","23.46","8"
"Franklin","53021020601","668","23.7","9"
"Franklin","53021020603","442","23.74","9"
"Franklin","53021020605","541","23.9","9"
"Franklin","53021020606","553","23.01","6"
"Franklin","53021020700","62","22.86","5"
"Franklin","53021020800","622","23.61","8"
"Franklin","53021980100","--","--","**"
"Garfield","53023970300","108","23.27","7"
"Grant","53025010100","161","23.36","7"
"Grant","53025010200","181","23.02","6"
"Grant","53025010300","274","23.78","9"
"Grant","53025010400","667","23.5","8"
"Grant","53025010500","335","22.92","5"
"Grant","53025010600","595","23.84","9"
"Grant","53025010700","226","23.75","9"
"Grant","53025010800","561","24.57","10"
"Grant","53025010901","197","23.98","9"
"Grant","53025010902","731","23.87","9"
"Grant","53025011000","1147","23.23","7"
"Grant","53025011100","281","23.54","8"
"Grant","53025011200","414","23.51","8"
"Grant","53025011300","404","24.25","10"
"Grant","53025011401","152","23.8","9"
"Grant","53025011402","964","23.36","7"
"Grays Harbor","53027000200","398","24.27","10"
"Grays Harbor","53027000300","288","24.1","9"
"Grays Harbor","53027000400","406","23.13","6"
"Grays Harbor","53027000500","471","23.3","7"
"Grays Harbor","53027000600","174","23.97","9"
"Grays Harbor","53027000700","250","24.15","10"
"Grays Harbor","53027000800","182","23.4","8"
"Grays Harbor","53027000900","644","24.36","10"
"Grays Harbor","53027001000","183","25.58","10"
"Grays Harbor","53027001100","200","23.44","8"
"Grays Harbor","53027001200","418","25.49","10"
"Grays Harbor","53027001300","241","23.83","9"
"Grays Harbor","53027001400","178","25.38","10"
"Grays Harbor","53027001500","241","24.89","10"
"Grays Harbor","53027001600","181","23.56","8"
"Grays Harbor","53027940000","78","24.79","10"
"Island","53029970100","36","23.09","6"
"Island","53029970200","236","23.53","8"
"Island","53029970300","236","23.12","6"
"Island","53029970400","603","23.2","7"
"Island","53029970500","260","22.64","4"
"Island","53029970601","195","23.86","9"
"Island","53029970602","106","23.71","9"
"Island","53029970700","105","22.9","5"
"Island","53029970800","143","22.5","4"
"Island","53029970900","153","22.48","4"
"Island","53029971000","283","22.39","3"
"Island","53029971100","122","23.29","7"
"Island","53029971300","380","22.02","2"
"Island","53029971400","199","22.34","3"
"Island","53029971500","164","22.96","6"
"Island","53029971600","245","23.93","9"
"Island","53029971700","264","23.03","6"
"Island","53029971800","204","21.84","2"
"Island","53029971900","94","22.63","4"
"Island","53029972000","165","22.52","4"
"Island","53029972100","253","22.58","4"
"Jefferson","53031950202","87","22.52","4"
"Jefferson","53031950300","279","22.61","4"
"Jefferson","53031950400","161","22.91","5"
"Jefferson","53031950500","216","22.33","3"
"Jefferson","53031950601","282","22.44","3"
"Jefferson","53031950602","148","22.94","5"
"Jefferson","53031950702","138","22.65","4"
"King","53033000100","122","22.18","2"
"King","53033000200","320","23.26","7"
"King","53033000300","103","23.83","9"
"King","53033000401","333","23.12","6"
"King","53033000402","48","22.22","3"
"King","53033000500","193","21.64","1"
"King","53033000600","204","22.6","4"
"King","53033000700","107","22.69","5"
"King","53033000800","96","21.4","1"
"King","53033000900","153","21.29","1"
"King","53033001000","93","22.03","2"
"King","53033001100","110","21.67","1"
"King","53033001200","219","22.79","5"
"King","53033001300","92","22.37","3"
"King","53033001400","255","21.62","1"
"King","53033001500","49","21.45","1"
"King","53033001600","213","21.49","1"
"King","53033001701","97","22.41","3"
"King","53033001702","198","22.55","4"
"King","53033001800","100","24","9"
"King","53033001900","155","21.82","2"
"King","53033002000","99","21.12","1"
"King","53033002100","217","21.81","2"
"King","53033002200","328","21.3","1"
"King","53033002400","158","20.82","1"
"King","53033002500","87","22.06","2"
"King","53033002600","198","21.83","2"
"King","53033002700","124","21.34","1"
"King","53033002800","109","21.77","2"
"King","53033002900","66","22.31","3"
"King","53033003000","212","22.29","3"
"King","53033003100","127","21.5","1"
"King","53033003200","180","22.12","2"
"King","53033003300","110","22.42","3"
"King","53033003400","120","21.44","1"
"King","53033003500","93","21.33","1"
"King","53033003600","119","21.35","1"
"King","53033003800","106","21.62","1"
"King","53033003900","154","22.04","2"
"King","53033004000","87","22.77","5"
"King","53033004100","408","21.05","1"
"King","53033004200","260","21.07","1"
"King","53033004301","128","21.24","1"
"King","53033004302","905","21.69","1"
"King","53033004400","503","21.67","1"
"King","53033004500","86","22.17","2"
"King","53033004600","99","21.2","1"
"King","53033004700","109","21.61","1"
"King","53033004800","65","22.02","2"
"King","53033004900","62","22.94","5"
"King","53033005000","98","22.2","3"
"King","53033005100","67","21.2","1"
"King","53033005200","489","21.4","1"
"King","53033005301","1572","21.99","2"
"King","53033005302","3654","21.16","1"
"King","53033005400","147","20.95","1"
"King","53033005600","223","20.94","1"
"King","53033005700","142","21.5","1"
"King","53033005801","117","22.08","2"
"King","53033005802","128","21.94","2"
"King","53033005900","1311","21.24","1"
"King","53033006000","278","21.78","2"
"King","53033006100","159","20.78","1"
"King","53033006200","155","21.15","1"
"King","53033006300","156","20.83","1"
"King","53033006400","209","20.76","1"
"King","53033006500","96","21.15","1"
"King","53033006600","44","21.96","2"
"King","53033006700","94","22.1","2"
"King","53033006800","131","20.89","1"
"King","53033006900","162","20.97","1"
"King","53033007000","56","21.35","1"
"King","53033007100","37","21.27","1"
"King","53033007200","272","23.22","7"
"King","53033007300","75","22.11","2"
"King","53033007401","16","22.9","5"
"King","53033007402","61","23.99","9"
"King","53033007500","119","21.77","2"
"King","53033007600","77","22.45","4"
"King","53033007700","156","22.48","4"
"King","53033007800","170","21.15","1"
"King","53033007900","177","22.28","3"
"King","53033008001","96","21.16","1"
"King","53033008002","181","23.41","8"
"King","53033008100","42","23.63","8"
"King","53033008200","52","21.5","1"
"King","53033008300","17","22.01","2"
"King","53033008400","35","21.63","1"
"King","53033008500","153","21.85","2"
"King","53033008600","1290","23.87","9"
"King","53033008700","128","23.43","8"
"King","53033008800","8","21.98","2"
"King","53033008900","265","22.19","3"
"King","53033009000","66","23.52","8"
"King","53033009100","168","21.63","1"
"King","53033009200","28","22.57","4"
"King","53033009300","80","21.65","1"
"King","53033009400","75","23.11","6"
"King","53033009500","274","21.61","1"
"King","53033009600","136","21.61","1"
"King","53033009701","247","21.43","1"
"King","53033009702","306","21.7","1"
"King","53033009800","274","21.33","1"
"King","53033009900","173","23.48","8"
"King","53033010001","50","22.42","3"
"King","53033010002","146","22.57","4"
"King","53033010100","283","22.54","4"
"King","53033010200","152","22.59","4"
"King","53033010300","154","23.11","6"
"King","53033010401","213","23.56","8"
"King","53033010402","208","22.44","3"
"King","53033010500","160","21.75","1"
"King","53033010600","355","22.27","3"
"King","53033010701","76","23.25","7"
"King","53033010702","239","23.74","9"
"King","53033010800","303","22.76","5"
"King","53033010900","38","24.36","10"
"King","53033011001","336","22.81","5"
"King","53033011002","214","22.28","3"
"King","53033011101","268","23.18","7"
"King","53033011102","191","22.95","6"
"King","53033011200","316","24.06","9"
"King","53033011300","326","22.89","5"
"King","53033011401","318","23.24","7"
"King","53033011402","230","23.46","8"
"King","53033011500","157","22.1","2"
"King","53033011600","231","22.08","2"
"King","53033011700","517","23.41","8"
"King","53033011800","651","24.11","9"
"King","53033011900","417","22.81","5"
"King","53033012000","143","22.88","5"
"King","53033012100","73","21.75","1"
"King","53033020100","249","22","2"
"King","53033020200","531","22.26","3"
"King","53033020300","478","23.11","6"
"King","53033020401","205","23.09","6"
"King","53033020402","223","22.34","3"
"King","53033020500","330","22.63","4"
"King","53033020600","229","22.19","3"
"King","53033020700","234","22.77","5"
"King","53033020800","324","22.19","3"
"King","53033020900","129","22.24","3"
"King","53033021000","260","22.59","4"
"King","53033021100","244","22.94","5"
"King","53033021300","121","21.99","2"
"King","53033021400","121","21.81","2"
"King","53033021500","233","21.62","1"
"King","53033021600","244","22.07","2"
"King","53033021700","698","22.11","2"
"King","53033021802","125","22.52","4"
"King","53033021803","369","22.24","3"
"King","53033021804","278","23.07","6"
"King","53033021903","283","22","2"
"King","53033021904","332","22.69","5"
"King","53033021905","100","22.27","3"
"King","53033021906","209","21.75","1"
"King","53033022001","414","21.83","2"
"King","53033022003","187","22.5","4"
"King","53033022005","115","22.85","5"
"King","53033022006","107","21.25","1"
"King","53033022101","192","22.01","2"
"King","53033022102","318","21.88","2"
"King","53033022201","303","22.33","3"
"King","53033022202","450","22.27","3"
"King","53033022203","278","21.37","1"
"King","53033022300","94","21.54","1"
"King","53033022400","503","21.06","1"
"King","53033022500","218","21.59","1"
"King","53033022603","177","21.61","1"
"King","53033022604","271","21.58","1"
"King","53033022605","290","22.22","3"
"King","53033022606","171","22.11","2"
"King","53033022701","71","21.17","1"
"King","53033022702","366","21.24","1"
"King","53033022703","143","22.17","2"
"King","53033022801","231","21.82","2"
"King","53033022802","192","21.81","2"
"King","53033022803","226","21.85","2"
"King","53033022901","145","21.9","2"
"King","53033022902","351","21.26","1"
"King","53033023000","346","21.52","1"
"King","53033023100","261","21.87","2"
"King","53033023201","151","22.59","4"
"King","53033023202","286","23.19","7"
"King","53033023300","366","22.68","4"
"King","53033023401","118","22.34","3"
"King","53033023403","282","22.55","4"
"King","53033023404","290","21.17","1"
"King","53033023500","208","22.11","2"
"King","53033023601","157","21.62","1"
"King","53033023603","326","22.4","3"
"King","53033023604","460","22.82","5"
"King","53033023700","186","21.49","1"
"King","53033023801","67","22.44","3"
"King","53033023803","161","21.28","1"
"King","53033023804","82","21.45","1"
"King","53033023900","451","21.31","1"
"King","53033024000","243","21.33","1"
"King","53033024100","424","20.98","1"
"King","53033024200","225","20.77","1"
"King","53033024300","258","21.27","1"
"King","53033024400","77","21.84","2"
"King","53033024500","363","21.83","2"
"King","53033024601","223","21.36","1"
"King","53033024602","317","20.96","1"
"King","53033024701","192","22.07","2"
"King","53033024702","376","21.91","2"
"King","53033024800","308","22.3","3"
"King","53033024901","264","21.52","1"
"King","53033024902","267","21.59","1"
"King","53033024903","545","21.28","1"
"King","53033025001","396","21.43","1"
"King","53033025003","462","20.89","1"
"King","53033025005","185","21.43","1"
"King","53033025006","279","21.41","1"
"King","53033025101","495","22.36","3"
"King","53033025102","426","22.3","3"
"King","53033025200","266","23.03","6"
"King","53033025301","334","22.92","5"
"King","53033025302","89","22.67","4"
"King","53033025400","372","24.35","10"
"King","53033025500","333","23.06","6"
"King","53033025601","287","23.19","7"
"King","53033025602","268","22.13","2"
"King","53033025701","130","23.31","7"
"King","53033025702","211","23.61","8"
"King","53033025803","414","24.4","10"
"King","53033025804","289","23.03","6"
"King","53033025805","203","23.03","6"
"King","53033025806","243","23.42","8"
"King","53033026001","193","23.55","8"
"King","53033026002","281","23.24","7"
"King","53033026100","300","23.2","7"
"King","53033026200","249","23.26","7"
"King","53033026300","67","22.8","5"
"King","53033026400","318","23.86","9"
"King","53033026500","298","23.57","8"
"King","53033026600","260","23.2","7"
"King","53033026700","305","23.27","7"
"King","53033026801","473","23.89","9"
"King","53033026802","442","23.5","8"
"King","53033027000","134","23.47","8"
"King","53033027100","132","22.75","5"
"King","53033027200","140","23.24","7"
"King","53033027300","359","23.37","7"
"King","53033027400","447","24.14","10"
"King","53033027500","180","23.65","8"
"King","53033027600","145","23.2","7"
"King","53033027701","516","21.87","2"
"King","53033027702","190","22.13","2"
"King","53033027800","122","22.5","4"
"King","53033027900","316","23.21","7"
"King","53033028000","291","23.31","7"
"King","53033028100","91","23.76","9"
"King","53033028200","379","23.15","6"
"King","53033028300","219","23.75","9"
"King","53033028402","263","22.72","5"
"King","53033028403","169","23.2","7"
"King","53033028500","248","23.37","7"
"King","53033028600","278","22.29","3"
"King","53033028700","462","23.02","6"
"King","53033028801","45","23","6"
"King","53033028802","392","23.44","8"
"King","53033028901","207","23","6"
"King","53033028902","309","24.23","10"
"King","53033029001","396","22.84","5"
"King","53033029003","449","23.69","9"
"King","53033029004","263","23.73","9"
"King","53033029101","211","23.65","8"
"King","53033029102","202","23.42","8"
"King","53033029203","277","24.06","9"
"King","53033029204","636","23.08","6"
"King","53033029205","206","24.22","10"
"King","53033029206","306","23.96","9"
"King","53033029303","286","23.09","6"
"King","53033029304","280","22.41","3"
"King","53033029305","338","22.92","5"
"King","53033029306","210","23.25","7"
"King","53033029307","288","22.53","4"
"King","53033029403","378","23.05","6"
"King","53033029405","425","22.68","4"
"King","53033029406","425","22.43","3"
"King","53033029407","399","24.02","9"
"King","53033029408","418","24.03","9"
"King","53033029502","502","23.12","6"
"King","53033029503","634","23.51","8"
"King","53033029504","325","23.79","9"
"King","53033029601","624","23.13","6"
"King","53033029602","694","22.66","4"
"King","53033029700","364","23.16","7"
"King","53033029801","692","23.16","7"
"King","53033029802","618","23.14","6"
"King","53033029901","553","22.45","4"
"King","53033029902","352","22.11","2"
"King","53033030003","495","22.76","5"
"King","53033030004","682","23.66","8"
"King","53033030005","356","24.04","9"
"King","53033030006","240","23.56","8"
"King","53033030100","681","22.58","4"
"King","53033030201","267","23.06","6"
"King","53033030202","584","24.01","9"
"King","53033030304","226","22.66","4"
"King","53033030305","275","22.84","5"
"King","53033030306","285","22.76","5"
"King","53033030308","527","22.69","5"
"King","53033030309","305","22.77","5"
"King","53033030310","451","22.57","4"
"King","53033030311","523","23.52","8"
"King","53033030312","403","23.53","8"
"King","53033030313","281","24","9"
"King","53033030314","177","22.81","5"
"King","53033030401","844","23.07","6"
"King","53033030403","370","22.81","5"
"King","53033030404","469","22.4","3"
"King","53033030501","103","23.73","9"
"King","53033030503","181","23.2","7"
"King","53033030504","181","23.45","8"
"King","53033030600","349","24","9"
"King","53033030700","363","24.29","10"
"King","53033030801","523","24.29","10"
"King","53033030802","509","24.02","9"
"King","53033030901","271","23.84","9"
"King","53033030902","562","23.78","9"
"King","53033031000","237","22.5","4"
"King","53033031100","256","23.8","9"
"King","53033031202","279","23.37","7"
"King","53033031204","516","22.43","3"
"King","53033031205","648","22.85","5"
"King","53033031206","718","23.03","6"
"King","53033031301","147","22.76","5"
"King","53033031302","245","23.27","7"
"King","53033031400","292","23.15","7"
"King","53033031501","219","22.87","5"
"King","53033031502","256","23.28","7"
"King","53033031601","414","22.24","3"
"King","53033031603","478","22.1","2"
"King","53033031604","341","22.33","3"
"King","53033031605","386","22.43","3"
"King","53033031703","613","22.81","5"
"King","53033031704","452","23.11","6"
"King","53033031705","248","23.13","6"
"King","53033031706","390","23.05","6"
"King","53033031800","320","22.54","4"
"King","53033031903","432","22.78","5"
"King","53033031904","327","22.07","2"
"King","53033031906","248","22.15","2"
"King","53033031907","266","22.37","3"
"King","53033031908","120","23.06","6"
"King","53033031909","339","22.41","3"
"King","53033032002","226","22","2"
"King","53033032003","677","22.33","3"
"King","53033032005","748","23.97","9"
"King","53033032006","271","22.72","5"
"King","53033032007","340","22.59","4"
"King","53033032008","419","22.35","3"
"King","53033032010","353","21.92","2"
"King","53033032011","305","21.81","2"
"King","53033032102","296","21.82","2"
"King","53033032103","150","22.39","3"
"King","53033032104","262","21.76","2"
"King","53033032203","473","21.27","1"
"King","53033032207","292","21.4","1"
"King","53033032208","372","21.68","1"
"King","53033032210","347","21.52","1"
"King","53033032211","498","21.72","1"
"King","53033032212","764","21.4","1"
"King","53033032213","463","21.14","1"
"King","53033032214","599","21.2","1"
"King","53033032215","430","21.41","1"
"King","53033032307","579","21.7","1"
"King","53033032309","138","21.92","2"
"King","53033032311","453","21.67","1"
"King","53033032313","140","21.92","2"
"King","53033032315","514","21.36","1"
"King","53033032316","443","21.09","1"
"King","53033032317","416","21.47","1"
"King","53033032318","433","21.33","1"
"King","53033032319","203","22.38","3"
"King","53033032320","375","21.49","1"
"King","53033032321","284","21.4","1"
"King","53033032322","325","21.17","1"
"King","53033032323","321","21.44","1"
"King","53033032324","227","21.38","1"
"King","53033032325","157","22.55","4"
"King","53033032326","399","21.61","1"
"King","53033032327","82","21.4","1"
"King","53033032328","343","21.58","1"
"King","53033032329","392","21.51","1"
"King","53033032401","426","21.94","2"
"King","53033032402","672","22.45","4"
"King","53033032500","473","21.85","2"
"King","53033032601","122","22.2","3"
"King","53033032602","720","22.1","2"
"King","53033032702","386","22.67","4"
"King","53033032703","131","22.09","2"
"King","53033032704","305","22.32","3"
"King","53033032800","--","--","**"
"Kitsap","53035080101","140","23.87","9"
"Kitsap","53035080102","203","23.62","8"
"Kitsap","53035080200","267","23.67","8"
"Kitsap","53035080300","169","24.42","10"
"Kitsap","53035080400","94","21.93","2"
"Kitsap","53035080500","271","24.05","9"
"Kitsap","53035080600","373","23.65","8"
"Kitsap","53035080700","186","23.29","7"
"Kitsap","53035080800","76","22.69","5"
"Kitsap","53035080900","200","23.27","7"
"Kitsap","53035081000","228","24.13","10"
"Kitsap","53035081100","187","24.22","10"
"Kitsap","53035081200","271","24.4","10"
"Kitsap","53035081400","110","20.73","1"
"Kitsap","53035090101","345","22.67","4"
"Kitsap","53035090102","449","22.53","4"
"Kitsap","53035090201","290","21.87","2"
"Kitsap","53035090202","356","22.71","5"
"Kitsap","53035090300","441","21.95","2"
"Kitsap","53035090400","191","22.64","4"
"Kitsap","53035090501","130","22.25","3"
"Kitsap","53035090502","238","22.36","3"
"Kitsap","53035090700","339","21.66","1"
"Kitsap","53035090800","275","21.5","1"
"Kitsap","53035090900","496","21.39","1"
"Kitsap","53035091000","500","21.65","1"
"Kitsap","53035091100","263","22.5","4"
"Kitsap","53035091201","390","22.67","4"
"Kitsap","53035091203","570","22.29","3"
"Kitsap","53035091204","201","22.6","4"
"Kitsap","53035091301","228","22.17","2"
"Kitsap","53035091302","597","22.41","3"
"Kitsap","53035091400","257","22.36","3"
"Kitsap","53035091500","291","22.76","5"
"Kitsap","53035091600","642","23.64","8"
"Kitsap","53035091700","651","23.61","8"
"Kitsap","53035091800","116","22.65","4"
"Kitsap","53035091900","275","23.57","8"
"Kitsap","53035092000","234","23.41","8"
"Kitsap","53035092100","625","23.1","6"
"Kitsap","53035092200","339","23.74","9"
"Kitsap","53035092300","546","23.32","7"
"Kitsap","53035092400","405","24.24","10"
"Kitsap","53035092500","331","23.29","7"
"Kitsap","53035092600","405","23.69","9"
"Kitsap","53035092701","223","22.18","3"
"Kitsap","53035092704","177","22.43","3"
"Kitsap","53035092801","318","23.35","7"
"Kitsap","53035092802","264","23.01","6"
"Kitsap","53035092803","272","23.64","8"
"Kitsap","53035092901","403","23.54","8"
"Kitsap","53035092902","503","23.74","9"
"Kitsap","53035940000","180","23.09","6"
"Kitsap","53035940100","375","23.1","6"
"Kittitas","53037975100","344","22.77","5"
"Kittitas","53037975200","242","22.47","4"
"Kittitas","53037975300","326","22.56","4"
"Kittitas","53037975401","1593","22.98","6"
"Kittitas","53037975402","198","22.94","5"
"Kittitas","53037975500","338","23.19","7"
"Kittitas","53037975600","271","23.71","9"
"Kittitas","53037975700","343","22.73","5"
"Klickitat","53039950100","453","23.66","8"
"Klickitat","53039950200","234","23.17","7"
"Klickitat","53039950300","366","22.94","5"
"Lewis","53041970100","273","22.86","5"
"Lewis","53041970200","176","23.66","8"
"Lewis","53041970300","311","23.73","9"
"Lewis","53041970400","361","24.26","10"
"Lewis","53041970500","117","22.55","4"
"Lewis","53041970600","167","24.36","10"
"Lewis","53041970700","447","24.38","10"
"Lewis","53041970800","264","22.94","5"
"Lewis","53041970900","84","22.4","3"
"Lewis","53041971000","428","23.42","8"
"Lewis","53041971100","191","23.37","7"
"Lewis","53041971200","268","23.37","7"
"Lewis","53041971300","443","23.41","8"
"Lewis","53041971400","169","22.92","5"
"Lewis","53041971500","477","23.53","8"
"Lewis","53041971600","279","23.37","7"
"Lewis","53041971700","343","23.58","8"
"Lewis","53041971800","144","24.12","10"
"Lewis","53041971900","47","23.81","9"
"Lewis","53041972000","158","23.6","8"
"Lincoln","53043960100","126","22.98","6"
"Lincoln","53043960200","235","22.26","3"
"Lincoln","53043960300","107","23.31","7"
"Lincoln","53043960400","179","23.16","7"
"Mason","53045940000","56","24.59","10"
"Mason","53045960100","83","25.32","10"
"Mason","53045960200","217","23.37","7"
"Mason","53045960300","412","24.04","9"
"Mason","53045960400","356","23.35","7"
"Mason","53045960500","276","22.61","4"
"Mason","53045960600","302","23.58","8"
"Mason","53045960700","30","24.98","10"
"Mason","53045960800","156","23.36","7"
"Mason","53045960900","341","23.47","8"
"Mason","53045961000","452","23.34","7"
"Mason","53045961100","259","23.58","8"
"Mason","53045961200","234","23.85","9"
"Mason","53045961300","234","23.23","7"
"Okanogan","53047940100","228","24.13","10"
"Okanogan","53047940200","226","24.19","10"
"Okanogan","53047970300","465","23.37","7"
"Okanogan","53047970400","326","23.57","8"
"Okanogan","53047970500","154","23.41","8"
"Okanogan","53047970600","363","23.47","8"
"Okanogan","53047970700","200","23.3","7"
"Okanogan","53047970800","391","22.93","5"
"Okanogan","53047970900","70","22.15","2"
"Okanogan","53047971000","142","22.69","5"
"Pacific","53049950200","307","23.57","8"
"Pacific","53049950300","186","23.72","9"
"Pacific","53049950400","235","22.63","4"
"Pacific","53049950500","102","23.16","7"
"Pacific","53049950600","67","23.13","6"
"Pacific","53049950700","174","24.02","9"
"Pacific","53049950800","68","23.52","8"
"Pend Oreille","53051970100","160","23.92","9"
"Pend Oreille","53051970200","239","23.64","8"
"Pend Oreille","53051970300","349","23.91","9"
"Pend Oreille","53051970400","72","23.38","7"
"Pend Oreille","53051970500","34","23.38","7"
"Pierce","53053060200","48","22.16","2"
"Pierce","53053060300","157","23.11","6"
"Pierce","53053060400","257","21.58","1"
"Pierce","53053060500","145","21.3","1"
"Pierce","53053060600","155","21.94","2"
"Pierce","53053060700","1298","21.75","2"
"Pierce","53053060800","212","22.78","5"
"Pierce","53053060903","224","22.89","5"
"Pierce","53053060904","345","23.29","7"
"Pierce","53053060905","266","23.75","9"
"Pierce","53053060906","209","21.88","2"
"Pierce","53053061001","274","22.39","3"
"Pierce","53053061002","212","23.45","8"
"Pierce","53053061100","281","22.98","6"
"Pierce","53053061200","267","24.76","10"
"Pierce","53053061300","255","24.49","10"
"Pierce","53053061400","303","23.59","8"
"Pierce","53053061500","217","23.05","6"
"Pierce","53053061601","54","22.13","2"
"Pierce","53053061602","15","20.99","1"
"Pierce","53053061700","292","25.37","10"
"Pierce","53053061800","199","24.14","10"
"Pierce","53053061900","117","23.45","8"
"Pierce","53053062000","231","25.28","10"
"Pierce","53053062300","431","24.4","10"
"Pierce","53053062400","442","24.38","10"
"Pierce","53053062500","462","24.45","10"
"Pierce","53053062600","40","24.35","10"
"Pierce","53053062801","478","23.69","9"
"Pierce","53053062802","279","24.41","10"
"Pierce","53053062900","531","23.82","9"
"Pierce","53053063000","130","23.35","7"
"Pierce","53053063100","271","23.84","9"
"Pierce","53053063200","342","24.72","10"
"Pierce","53053063300","550","24.24","10"
"Pierce","53053063400","203","24.14","10"
"Pierce","53053063501","317","24.78","10"
"Pierce","53053063502","421","23.3","7"
"Pierce","53053070100","215","23.4","8"
"Pierce","53053070203","500","22.6","4"
"Pierce","53053070204","177","24.17","10"
"Pierce","53053070205","203","23.21","7"
"Pierce","53053070206","250","23.07","6"
"Pierce","53053070207","371","22.5","4"
"Pierce","53053070307","490","21.79","2"
"Pierce","53053070308","217","23.41","8"
"Pierce","53053070309","191","22.38","3"
"Pierce","53053070310","552","22.86","5"
"Pierce","53053070311","520","23.05","6"
"Pierce","53053070312","470","22.85","5"
"Pierce","53053070313","380","23.42","8"
"Pierce","53053070314","143","22.37","3"
"Pierce","53053070315","243","21.98","2"
"Pierce","53053070316","222","22.49","4"
"Pierce","53053070401","171","24.39","10"
"Pierce","53053070403","212","23.89","9"
"Pierce","53053070404","203","22.78","5"
"Pierce","53053070703","462","22.84","5"
"Pierce","53053071100","164","24.46","10"
"Pierce","53053071205","173","22.14","2"
"Pierce","53053071206","452","23.21","7"
"Pierce","53053071207","590","24.2","10"
"Pierce","53053071208","520","23.54","8"
"Pierce","53053071209","397","22.05","2"
"Pierce","53053071210","229","22.51","4"
"Pierce","53053071304","574","23.26","7"
"Pierce","53053071305","259","23","6"
"Pierce","53053071306","434","23.86","9"
"Pierce","53053071307","346","23.62","8"
"Pierce","53053071309","340","23.01","6"
"Pierce","53053071310","284","22.56","4"
"Pierce","53053071403","173","23.32","7"
"Pierce","53053071406","442","23.82","9"
"Pierce","53053071407","516","24.1","9"
"Pierce","53053071408","181","24.11","10"
"Pierce","53053071409","267","23.71","9"
"Pierce","53053071410","684","24.43","10"
"Pierce","53053071411","417","24.09","9"
"Pierce","53053071503","381","24.13","10"
"Pierce","53053071504","1323","24.69","10"
"Pierce","53053071505","449","24.2","10"
"Pierce","53053071506","364","24.22","10"
"Pierce","53053071601","412","24.42","10"
"Pierce","53053071602","219","24.16","10"
"Pierce","53053071703","216","23.57","8"
"Pierce","53053071704","168","25.27","10"
"Pierce","53053071705","353","24.32","10"
"Pierce","53053071706","112","25.78","10"
"Pierce","53053071707","145","24.1","9"
"Pierce","53053071803","431","23.71","9"
"Pierce","53053071805","141","24.11","10"
"Pierce","53053071806","287","25.34","10"
"Pierce","53053071807","134","24.85","10"
"Pierce","53053071808","363","23.94","9"
"Pierce","53053071901","127","23.5","8"
"Pierce","53053071902","228","22.22","3"
"Pierce","53053072000","249","24.52","10"
"Pierce","53053072105","148","22.68","4"
"Pierce","53053072106","534","22.91","5"
"Pierce","53053072107","173","23.77","9"
"Pierce","53053072108","295","24.6","10"
"Pierce","53053072109","326","22.66","4"
"Pierce","53053072111","62","22.74","5"
"Pierce","53053072112","294","23.49","8"
"Pierce","53053072305","417","22.56","4"
"Pierce","53053072307","412","23.17","7"
"Pierce","53053072308","425","22.12","2"
"Pierce","53053072309","334","22.46","4"
"Pierce","53053072310","210","23.04","6"
"Pierce","53053072311","333","22.76","5"
"Pierce","53053072312","327","22.35","3"
"Pierce","53053072313","140","23","6"
"Pierce","53053072405","328","21.62","1"
"Pierce","53053072406","404","21.39","1"
"Pierce","53053072407","260","22.07","2"
"Pierce","53053072408","286","22.02","2"
"Pierce","53053072409","168","21.56","1"
"Pierce","53053072410","378","22.01","2"
"Pierce","53053072503","247","22.48","4"
"Pierce","53053072504","275","21.49","1"
"Pierce","53053072505","366","21.86","2"
"Pierce","53053072506","199","21.96","2"
"Pierce","53053072507","189","21.48","1"
"Pierce","53053072601","336","23.46","8"
"Pierce","53053072602","383","22.35","3"
"Pierce","53053072603","307","23.04","6"
"Pierce","53053072800","430","22.14","2"
"Pierce","53053072901","161","23.41","8"
"Pierce","53053072903","209","22.7","5"
"Pierce","53053072905","255","22.17","2"
"Pierce","53053072906","281","23.36","7"
"Pierce","53053072907","233","23.25","7"
"Pierce","53053073001","457","23.14","6"
"Pierce","53053073005","330","23.03","6"
"Pierce","53053073006","150","23.32","7"
"Pierce","53053073108","711","23.96","9"
"Pierce","53053073110","277","22.48","4"
"Pierce","53053073111","344","23.09","6"
"Pierce","53053073113","459","23.72","9"
"Pierce","53053073114","457","24.84","10"
"Pierce","53053073115","364","23.5","8"
"Pierce","53053073116","113","23.39","7"
"Pierce","53053073117","197","23.24","7"
"Pierce","53053073118","307","23.12","6"
"Pierce","53053073119","201","22.88","5"
"Pierce","53053073120","334","23.23","7"
"Pierce","53053073121","404","23.08","6"
"Pierce","53053073122","316","22.79","5"
"Pierce","53053073123","286","22.14","2"
"Pierce","53053073124","244","23.73","9"
"Pierce","53053073125","862","23.27","7"
"Pierce","53053073126","308","22.69","5"
"Pierce","53053073200","251","23.32","7"
"Pierce","53053073301","358","23.73","9"
"Pierce","53053073302","183","22.52","4"
"Pierce","53053073404","522","22.88","5"
"Pierce","53053073405","409","23.34","7"
"Pierce","53053073406","239","22.96","6"
"Pierce","53053073407","234","23.25","7"
"Pierce","53053073408","203","23.22","7"
"Pierce","53053073500","570","22.53","4"
"Pierce","53053940001","130","21.97","2"
"Pierce","53053940002","269","23.58","8"
"Pierce","53053940003","564","23.22","7"
"Pierce","53053940004","410","23.26","7"
"Pierce","53053940005","458","22.7","5"
"Pierce","53053940006","191","24.39","10"
"Pierce","53053940007","235","24.26","10"
"Pierce","53053940008","544","22.19","3"
"Pierce","53053940009","272","22.66","4"
"Pierce","53053940010","299","24.42","10"
"Pierce","53053940011","205","22.18","3"
"San Juan","53055960100","167","22.16","2"
"San Juan","53055960300","241","22.41","3"
"San Juan","53055960400","271","22.58","4"
"San Juan","53055960500","78","22.26","3"
"Skagit","53057940200","106","22.66","4"
"Skagit","53057940300","243","22.72","5"
"Skagit","53057940400","440","22.06","2"
"Skagit","53057940500","149","23.42","8"
"Skagit","53057940600","78","22.9","5"
"Skagit","53057940700","67","22.24","3"
"Skagit","53057940800","166","24.47","10"
"Skagit","53057950100","20","23.08","6"
"Skagit","53057950800","462","22.51","4"
"Skagit","53057950900","259","23.94","9"
"Skagit","53057951000","80","23.45","8"
"Skagit","53057951100","246","22.97","6"
"Skagit","53057951200","217","22.96","6"
"Skagit","53057951300","86","23.36","7"
"Skagit","53057951400","242","23.35","7"
"Skagit","53057951500","574","23.32","7"
"Skagit","53057951600","492","23.26","7"
"Skagit","53057951700","253","24.42","10"
"Skagit","53057951800","411","24.27","10"
"Skagit","53057951900","210","22.65","4"
"Skagit","53057952100","290","22.79","5"
"Skagit","53057952200","505","23.67","8"
"Skagit","53057952301","503","24.07","9"
"Skagit","53057952302","513","23.45","8"
"Skagit","53057952401","161","23.65","8"
"Skagit","53057952402","459","24.03","9"
"Skagit","53057952500","158","23.73","9"
"Skagit","53057952600","195","23.45","8"
"Skagit","53057952700","266","22.48","4"
"Skagit","53057990100","--","--","**"
"Skamania","53059950100","56","25.5","10"
"Skamania","53059950200","351","22.91","5"
"Skamania","53059950300","91","22.72","5"
"Skamania","53059950400","91","23.72","9"
"Skamania","53059950500","186","22.95","6"
"Snohomish","53061040100","230","22.91","5"
"Snohomish","53061040200","433","23.29","7"
"Snohomish","53061040300","215","23.74","9"
"Snohomish","53061040400","308","24.19","10"
"Snohomish","53061040500","171","24.01","9"
"Snohomish","53061040700","216","24.54","10"
"Snohomish","53061040800","102","22.55","4"
"Snohomish","53061040900","131","22.31","3"
"Snohomish","53061041000","352","23.94","9"
"Snohomish","53061041100","155","22.93","5"
"Snohomish","53061041201","264","23.34","7"
"Snohomish","53061041202","395","23.89","9"
"Snohomish","53061041301","467","21.92","2"
"Snohomish","53061041303","336","23.01","6"
"Snohomish","53061041304","149","22.28","3"
"Snohomish","53061041400","395","23.9","9"
"Snohomish","53061041500","96","22.14","2"
"Snohomish","53061041601","291","23.04","6"
"Snohomish","53061041605","679","22.62","4"
"Snohomish","53061041606","244","23","6"
"Snohomish","53061041607","351","22.05","2"
"Snohomish","53061041608","343","22.46","4"
"Snohomish","53061041701","234","23.84","9"
"Snohomish","53061041703","357","22.37","3"
"Snohomish","53061041704","277","23.07","6"
"Snohomish","53061041805","217","23.23","7"
"Snohomish","53061041806","280","23.71","9"
"Snohomish","53061041808","235","22.94","6"
"Snohomish","53061041809","588","23.48","8"
"Snohomish","53061041810","117","23.76","9"
"Snohomish","53061041811","290","23.04","6"
"Snohomish","53061041812","233","22.64","4"
"Snohomish","53061041901","336","22.34","3"
"Snohomish","53061041903","185","23.47","8"
"Snohomish","53061041904","185","24.03","9"
"Snohomish","53061041905","327","23.33","7"
"Snohomish","53061042001","456","22.21","3"
"Snohomish","53061042003","228","22.14","2"
"Snohomish","53061042004","422","23.44","8"
"Snohomish","53061042005","582","21.73","1"
"Snohomish","53061042006","531","22.86","5"
"Snohomish","53061050101","279","22.35","3"
"Snohomish","53061050102","430","22.77","5"
"Snohomish","53061050200","268","22.6","4"
"Snohomish","53061050300","472","22.04","2"
"Snohomish","53061050401","511","22.43","3"
"Snohomish","53061050402","233","22.07","2"
"Snohomish","53061050500","252","22.35","3"
"Snohomish","53061050600","122","21.73","1"
"Snohomish","53061050700","336","22.68","4"
"Snohomish","53061050800","348","22.45","4"
"Snohomish","53061050900","170","23.02","6"
"Snohomish","53061051000","162","22.99","6"
"Snohomish","53061051100","252","23.34","7"
"Snohomish","53061051200","190","23.94","9"
"Snohomish","53061051300","458","22.81","5"
"Snohomish","53061051400","566","23.13","6"
"Snohomish","53061051500","287","22.33","3"
"Snohomish","53061051601","275","22.96","6"
"Snohomish","53061051602","259","22.45","4"
"Snohomish","53061051701","312","22.66","4"
"Snohomish","53061051702","330","22.85","5"
"Snohomish","53061051802","299","22.31","3"
"Snohomish","53061051803","157","23.18","7"
"Snohomish","53061051804","188","22.41","3"
"Snohomish","53061051905","373","23.07","6"
"Snohomish","53061051912","234","22.12","2"
"Snohomish","53061051913","258","22.25","3"
"Snohomish","53061051914","252","22.65","4"
"Snohomish","53061051915","442","22.39","3"
"Snohomish","53061051916","226","22.28","3"
"Snohomish","53061051917","240","22.27","3"
"Snohomish","53061051918","251","22.09","2"
"Snohomish","53061051921","329","22.7","5"
"Snohomish","53061051922","139","22.57","4"
"Snohomish","53061051923","282","22.35","3"
"Snohomish","53061051924","508","22.22","3"
"Snohomish","53061051925","276","21.7","1"
"Snohomish","53061051926","194","22.02","2"
"Snohomish","53061051927","243","22.35","3"
"Snohomish","53061051928","356","23.38","7"
"Snohomish","53061052003","348","22.24","3"
"Snohomish","53061052004","301","22.6","4"
"Snohomish","53061052005","140","21.8","2"
"Snohomish","53061052006","443","21.92","2"
"Snohomish","53061052007","277","22.55","4"
"Snohomish","53061052104","184","23.42","8"
"Snohomish","53061052105","174","22.18","3"
"Snohomish","53061052107","261","22.13","2"
"Snohomish","53061052108","573","22.45","3"
"Snohomish","53061052112","305","22.05","2"
"Snohomish","53061052113","225","22.06","2"
"Snohomish","53061052114","519","21.92","2"
"Snohomish","53061052115","918","22.61","4"
"Snohomish","53061052118","416","22.07","2"
"Snohomish","53061052203","485","22.27","3"
"Snohomish","53061052204","592","22.91","5"
"Snohomish","53061052206","225","22.54","4"
"Snohomish","53061052207","444","22.94","5"
"Snohomish","53061052208","252","23.31","7"
"Snohomish","53061052209","270","23.4","8"
"Snohomish","53061052301","315","22.59","4"
"Snohomish","53061052302","292","22.32","3"
"Snohomish","53061052401","225","22.95","6"
"Snohomish","53061052402","329","22.6","4"
"Snohomish","53061052502","247","23.01","6"
"Snohomish","53061052503","462","22.93","5"
"Snohomish","53061052504","145","23.09","6"
"Snohomish","53061052603","208","23.32","7"
"Snohomish","53061052604","422","23.17","7"
"Snohomish","53061052605","696","23.07","6"
"Snohomish","53061052606","529","22.65","4"
"Snohomish","53061052607","568","22.64","4"
"Snohomish","53061052701","101","22.97","6"
"Snohomish","53061052705","504","22.56","4"
"Snohomish","53061052706","402","22.73","5"
"Snohomish","53061052707","298","22.95","6"
"Snohomish","53061052708","324","22.48","4"
"Snohomish","53061052709","263","22.91","5"
"Snohomish","53061052803","293","24.51","10"
"Snohomish","53061052804","466","23.64","8"
"Snohomish","53061052805","305","23.41","8"
"Snohomish","53061052806","521","23.55","8"
"Snohomish","53061052903","274","24.44","10"
"Snohomish","53061052904","376","22.89","5"
"Snohomish","53061052905","338","24.19","10"
"Snohomish","53061052906","317","22.98","6"
"Snohomish","53061053101","136","22.69","4"
"Snohomish","53061053102","400","22.53","4"
"Snohomish","53061053201","378","22.18","2"
"Snohomish","53061053202","318","22.46","4"
"Snohomish","53061053301","402","23.02","6"
"Snohomish","53061053302","314","22.56","4"
"Snohomish","53061053400","442","22.79","5"
"Snohomish","53061053504","343","22.62","4"
"Snohomish","53061053505","377","23.28","7"
"Snohomish","53061053506","374","22.93","5"
"Snohomish","53061053507","259","22.34","3"
"Snohomish","53061053508","291","23.55","8"
"Snohomish","53061053509","194","23.5","8"
"Snohomish","53061053602","357","23.16","7"
"Snohomish","53061053603","252","22.97","6"
"Snohomish","53061053604","407","23.08","6"
"Snohomish","53061053700","212","22.89","5"
"Snohomish","53061053801","281","22.51","4"
"Snohomish","53061053802","387","22.95","6"
"Snohomish","53061053803","397","23.25","7"
"Snohomish","53061940001","429","23.61","8"
"Snohomish","53061940002","271","24.65","10"
"Spokane","53063000200","298","24.07","9"
"Spokane","53063000300","264","24.85","10"
"Spokane","53063000400","197","23.51","8"
"Spokane","53063000500","132","22.59","4"
"Spokane","53063000600","338","22.76","5"
"Spokane","53063000700","378","22.97","6"
"Spokane","53063000800","428","22.78","5"
"Spokane","53063000900","242","22.85","5"
"Spokane","53063001000","236","22.52","4"
"Spokane","53063001100","224","22.89","5"
"Spokane","53063001200","163","24.02","9"
"Spokane","53063001300","132","24.22","10"
"Spokane","53063001400","589","23.48","8"
"Spokane","53063001500","243","23.95","9"
"Spokane","53063001600","158","24.41","10"
"Spokane","53063001800","190","24.77","10"
"Spokane","53063001900","208","24.6","10"
"Spokane","53063002000","162","23.77","9"
"Spokane","53063002100","85","24.25","10"
"Spokane","53063002300","362","23.3","7"
"Spokane","53063002400","162","25.94","10"
"Spokane","53063002500","1681","23.54","8"
"Spokane","53063002600","366","25.23","10"
"Spokane","53063002900","225","23.57","8"
"Spokane","53063003000","216","23.02","6"
"Spokane","53063003100","429","22.89","5"
"Spokane","53063003200","83","22.63","4"
"Spokane","53063003500","23","23.44","8"
"Spokane","53063003600","403","23.04","6"
"Spokane","53063003800","63","23.54","8"
"Spokane","53063003900","64","21.36","1"
"Spokane","53063004000","128","22.44","3"
"Spokane","53063004100","105","21.22","1"
"Spokane","53063004200","185","21.37","1"
"Spokane","53063004300","199","22.4","3"
"Spokane","53063004400","109","22.48","4"
"Spokane","53063004500","216","21.41","1"
"Spokane","53063004601","209","21.91","2"
"Spokane","53063004602","185","23.27","7"
"Spokane","53063004700","451","22.25","3"
"Spokane","53063004800","165","22.31","3"
"Spokane","53063004900","244","22.03","2"
"Spokane","53063005000","159","21.85","2"
"Spokane","53063010100","420","22.38","3"
"Spokane","53063010201","302","23.14","6"
"Spokane","53063010202","841","22.06","2"
"Spokane","53063010301","218","24.15","10"
"Spokane","53063010303","185","22.57","4"
"Spokane","53063010304","353","23.37","7"
"Spokane","53063010305","555","22.23","3"
"Spokane","53063010401","258","24.26","10"
"Spokane","53063010402","330","22.63","4"
"Spokane","53063010501","628","22.33","3"
"Spokane","53063010503","512","21.7","1"
"Spokane","53063010504","261","22.11","2"
"Spokane","53063010601","268","22.73","5"
"Spokane","53063010602","649","22.33","3"
"Spokane","53063010700","395","21.62","1"
"Spokane","53063010800","102","22.64","4"
"Spokane","53063010900","958","22.08","2"
"Spokane","53063011000","295","23.3","7"
"Spokane","53063011101","180","23.13","6"
"Spokane","53063011102","327","22.36","3"
"Spokane","53063011201","248","23.81","9"
"Spokane","53063011202","191","23.4","8"
"Spokane","53063011300","608","22.69","5"
"Spokane","53063011400","295","23.08","6"
"Spokane","53063011500","67","23.46","8"
"Spokane","53063011600","169","24.01","9"
"Spokane","53063011701","166","23.92","9"
"Spokane","53063011702","338","23.7","9"
"Spokane","53063011800","73","23.48","8"
"Spokane","53063011900","394","24.19","10"
"Spokane","53063012000","289","23.56","8"
"Spokane","53063012100","165","23.45","8"
"Spokane","53063012200","246","24.48","10"
"Spokane","53063012300","453","23.13","6"
"Spokane","53063012401","168","22.46","4"
"Spokane","53063012402","462","22.28","3"
"Spokane","53063012500","224","23.56","8"
"Spokane","53063012600","244","23.33","7"
"Spokane","53063012701","190","23.12","6"
"Spokane","53063012702","124","23.79","9"
"Spokane","53063012801","273","22.77","5"
"Spokane","53063012802","209","23","6"
"Spokane","53063012901","183","23.81","9"
"Spokane","53063012902","389","23.23","7"
"Spokane","53063013000","632","22.11","2"
"Spokane","53063013100","735","22.85","5"
"Spokane","53063013201","653","23.05","6"
"Spokane","53063013202","576","21.84","2"
"Spokane","53063013300","308","22.12","2"
"Spokane","53063013401","378","22.24","3"
"Spokane","53063013500","395","21.97","2"
"Spokane","53063013600","179","22.57","4"
"Spokane","53063013700","74","22.47","4"
"Spokane","53063013800","177","22.24","3"
"Spokane","53063013900","607","22.89","5"
"Spokane","53063014001","1360","23.71","9"
"Spokane","53063014002","539","22.69","4"
"Spokane","53063014100","394","22.79","5"
"Spokane","53063014200","212","23.16","7"
"Spokane","53063014300","138","22.2","3"
"Spokane","53063014400","269","23.3","7"
"Spokane","53063014500","168","23.82","9"
"Stevens","53065941000","195","24.86","10"
"Stevens","53065950100","396","23.31","7"
"Stevens","53065950200","266","22.75","5"
"Stevens","53065950300","278","23.41","8"
"Stevens","53065950500","66","22.75","5"
"Stevens","53065950600","114","22.61","4"
"Stevens","53065950700","203","23.02","6"
"Stevens","53065950800","190","23.21","7"
"Stevens","53065950900","91","23.81","9"
"Stevens","53065951100","246","23.03","6"
"Stevens","53065951300","366","22.82","5"
"Stevens","53065951400","742","22.26","3"
"Thurston","53067010100","96","21.83","2"
"Thurston","53067010200","206","22.4","3"
"Thurston","53067010300","108","22.42","3"
"Thurston","53067010400","233","22.16","2"
"Thurston","53067010510","54","24.15","10"
"Thurston","53067010520","221","23.03","6"
"Thurston","53067010600","501","22.31","3"
"Thurston","53067010700","348","22.31","3"
"Thurston","53067010800","340","23.02","6"
"Thurston","53067010910","387","22.43","3"
"Thurston","53067010920","263","23.23","7"
"Thurston","53067011000","309","22.59","4"
"Thurston","53067011100","171","22.46","4"
"Thurston","53067011200","391","23.94","9"
"Thurston","53067011300","266","23.5","8"
"Thurston","53067011410","249","23.93","9"
"Thurston","53067011420","684","23.57","8"
"Thurston","53067011500","196","24.6","10"
"Thurston","53067011610","502","22.72","5"
"Thurston","53067011621","453","23.22","7"
"Thurston","53067011622","155","22.95","6"
"Thurston","53067011623","246","23","6"
"Thurston","53067011624","193","23.13","6"
"Thurston","53067011710","687","22.44","3"
"Thurston","53067011720","169","22.23","3"
"Thurston","53067011810","422","22.35","3"
"Thurston","53067011821","263","22.89","5"
"Thurston","53067011822","369","22.95","6"
"Thurston","53067011900","310","22.31","3"
"Thurston","53067012000","996","21.86","2"
"Thurston","53067012100","256","22.02","2"
"Thurston","53067012211","141","22.22","3"
"Thurston","53067012212","367","23.54","8"
"Thurston","53067012221","249","21.67","1"
"Thurston","53067012222","300","22.67","4"
"Thurston","53067012310","772","23.48","8"
"Thurston","53067012320","428","23.04","6"
"Thurston","53067012330","333","23.86","9"
"Thurston","53067012411","794","23.71","9"
"Thurston","53067012412","186","23.32","7"
"Thurston","53067012420","299","22.37","3"
"Thurston","53067012510","255","22.9","5"
"Thurston","53067012520","335","22.96","6"
"Thurston","53067012530","379","23.54","8"
"Thurston","53067012610","283","22.5","4"
"Thurston","53067012620","417","23.98","9"
"Thurston","53067012710","149","23.74","9"
"Thurston","53067012720","595","24.17","10"
"Thurston","53067012730","342","23.57","8"
"Wahkiakum","53069950100","343","23.78","9"
"Walla Walla","53071920000","406","23.43","8"
"Walla Walla","53071920100","306","23.06","6"
"Walla Walla","53071920200","234","22.44","3"
"Walla Walla","53071920300","826","23.12","6"
"Walla Walla","53071920400","16","24.39","10"
"Walla Walla","53071920500","290","23.45","8"
"Walla Walla","53071920600","207","23.76","9"
"Walla Walla","53071920701","156","22.42","3"
"Walla Walla","53071920702","188","22.5","4"
"Walla Walla","53071920801","601","23.06","6"
"Walla Walla","53071920802","856","22.09","2"
"Walla Walla","53071920900","908","21.86","2"
"Whatcom","53073000100","354","23.11","6"
"Whatcom","53073000200","366","23.34","7"
"Whatcom","53073000300","361","23.47","8"
"Whatcom","53073000400","423","22.12","2"
"Whatcom","53073000501","209","23.29","7"
"Whatcom","53073000502","149","22.2","3"
"Whatcom","53073000600","71","20.88","1"
"Whatcom","53073000700","389","22.92","5"
"Whatcom","53073000803","400","22.44","3"
"Whatcom","53073000804","616","21.83","2"
"Whatcom","53073000805","389","22.02","2"
"Whatcom","53073000806","478","22.19","3"
"Whatcom","53073000901","492","23.06","6"
"Whatcom","53073000902","659","21.53","1"
"Whatcom","53073001000","2750","22.66","4"
"Whatcom","53073001100","201","21.55","1"
"Whatcom","53073001201","640","22.67","4"
"Whatcom","53073001202","100","21.61","1"
"Whatcom","53073010100","634","23.75","9"
"Whatcom","53073010200","621","22.95","6"
"Whatcom","53073010301","579","22.48","4"
"Whatcom","53073010302","239","22.02","2"
"Whatcom","53073010303","363","22.44","3"
"Whatcom","53073010401","571","23.11","6"
"Whatcom","53073010403","75","22.84","5"
"Whatcom","53073010404","524","22.97","6"
"Whatcom","53073010501","460","22.71","5"
"Whatcom","53073010502","405","23.23","7"
"Whatcom","53073010600","514","23.32","7"
"Whatcom","53073010701","340","22.42","3"
"Whatcom","53073010702","375","22.99","6"
"Whatcom","53073010900","34","22.15","2"
"Whatcom","53073011000","94","21.32","1"
"Whatcom","53073940000","376","24.97","10"
"Whitman","53075000100","2887","23.46","8"
"Whitman","53075000200","373","22.36","3"
"Whitman","53075000300","394","22.2","3"
"Whitman","53075000400","204","22.62","4"
"Whitman","53075000500","2106","24.63","10"
"Whitman","53075000600","608","23.17","7"
"Whitman","53075000700","204","22.07","2"
"Whitman","53075000800","188","22.91","5"
"Whitman","53075000900","212","23.13","6"
"Whitman","53075001000","130","22.46","4"
"Yakima","53077000100","174","24.65","10"
"Yakima","53077000200","384","24.13","10"
"Yakima","53077000300","318","24.12","10"
"Yakima","53077000400","406","22.57","4"
"Yakima","53077000500","262","23.78","9"
"Yakima","53077000600","963","24.52","10"
"Yakima","53077000700","564","24.35","10"
"Yakima","53077000800","136","23.15","6"
"Yakima","53077000901","605","22.93","5"
"Yakima","53077000902","269","24.3","10"
"Yakima","53077001000","253","23.32","7"
"Yakima","53077001100","437","24.43","10"
"Yakima","53077001201","369","23.79","9"
"Yakima","53077001202","344","23.81","9"
"Yakima","53077001300","142","23.88","9"
"Yakima","53077001400","275","23.46","8"
"Yakima","53077001501","598","24.41","10"
"Yakima","53077001502","247","24.22","10"
"Yakima","53077001601","180","22.92","5"
"Yakima","53077001602","314","22.88","5"
"Yakima","53077001701","274","23.25","7"
"Yakima","53077001702","455","23.56","8"
"Yakima","53077001800","607","23.53","8"
"Yakima","53077001901","353","24.23","10"
"Yakima","53077001902","512","23.84","9"
"Yakima","53077002001","824","24.92","10"
"Yakima","53077002002","722","24.57","10"
"Yakima","53077002101","153","23.62","8"
"Yakima","53077002102","721","23.83","9"
"Yakima","53077002200","603","23.63","8"
"Yakima","53077002701","242","24.12","10"
"Yakima","53077002801","492","23.15","6"
"Yakima","53077002802","831","22.61","4"
"Yakima","53077002900","230","23.34","7"
"Yakima","53077003001","395","23.12","6"
"Yakima","53077003002","275","22.21","3"
"Yakima","53077003100","506","22.55","4"
"Yakima","53077003200","496","23.04","6"
"Yakima","53077003400","248","22.82","5"
"Yakima","53077940001","671","24.07","9"
"Yakima","53077940002","483","24.39","10"
"Yakima","53077940003","302","24.92","10"
"Yakima","53077940004","708","24.42","10"
"Yakima","53077940005","490","24.59","10"
"Yakima","53077940006","650","24.61","10"


"BMI - Census Tract"
"Geography: Census Tract, Age Group: 16-19, Year: 2014"
"Created: 6/8/2017"

"""**"" indicates data suppression to protect confidentiality."

"""--"" indicates no data collected."

"""NR"" indicates data are not reliable."
